objectID,time_slot,rank,x,y
50001,24,1.0,122.0,41.0
50001,25,1.0,123.0,41.0
50001,27,1.0,123.0,41.0
50001,35,1.0,123.0,41.0
50001,38,1.0,122.0,41.0
50001,39,1.0,123.0,41.0
50001,44,1.0,122.0,41.0
50001,45,1.0,122.0,41.0
50001,28,2.0,122.0,41.0
50001,40,2.0,123.0,41.0
50001,41,2.0,122.0,41.0
50001,46,2.0,123.0,41.0
50001,10,3.0,122.0,41.0
50001,11,3.0,122.0,41.0
50001,12,3.0,122.0,41.0
50001,13,3.0,122.0,41.0
50001,19,3.0,120.0,35.0
50001,1,4.0,121.0,38.0
50001,14,4.0,121.0,37.0
50001,1,5.0,121.0,37.0
50001,16,5.0,120.0,35.0
50001,1,6.0,121.0,38.0
50001,27,7.0,121.0,38.0
50001,16,8.0,120.0,35.0
50001,3,9.0,123.0,41.0
50001,21,10.0,120.0,35.0
50001,23,10.0,120.0,35.0
50001,26,11.0,122.0,40.0
50001,38,11.0,122.0,41.0
50001,36,12.0,122.0,41.0
50001,14,13.0,122.0,40.0
50001,3,14.0,122.0,41.0
50001,4,14.0,122.0,41.0
50001,8,14.0,123.0,41.0
50001,1,15.0,122.0,41.0
50001,9,15.0,122.0,41.0
50001,10,15.0,122.0,41.0
50001,28,16.0,122.0,41.0
50001,37,16.0,123.0,41.0
50001,40,16.0,121.0,36.0
50001,26,17.0,121.0,38.0
50001,28,17.0,122.0,41.0
50001,36,17.0,123.0,41.0
50001,37,17.0,122.0,41.0
50001,40,17.0,122.0,41.0
50001,13,18.0,123.0,41.0
50001,21,18.0,123.0,41.0
50001,16,19.0,122.0,41.0
50001,20,19.0,123.0,41.0
50001,21,19.0,123.0,41.0
50001,22,20.0,122.0,41.0
50001,21,21.0,120.0,35.0
50001,0,22.0,120.0,35.0
50001,3,22.0,122.0,41.0
50001,10,22.0,122.0,41.0
50001,11,22.0,122.0,41.0
50001,12,22.0,123.0,41.0
50001,15,22.0,121.0,36.0
50001,25,23.0,121.0,37.0
50001,27,23.0,122.0,41.0
50001,35,23.0,122.0,41.0
50001,37,23.0,123.0,41.0
50001,39,23.0,121.0,38.0
50001,46,23.0,120.0,35.0
50001,24,24.0,120.0,35.0
50001,25,24.0,121.0,37.0
50001,41,24.0,123.0,41.0
50001,46,24.0,122.0,41.0
50001,20,25.0,120.0,35.0
50001,3,26.0,122.0,41.0
50001,8,26.0,122.0,41.0
50001,23,26.0,121.0,39.0
50001,13,27.0,122.0,40.0
50001,13,28.0,123.0,41.0
50001,15,28.0,121.0,37.0
50001,20,28.0,120.0,35.0
50001,44,29.0,122.0,41.0
50001,45,29.0,122.0,41.0
50001,13,30.0,122.0,41.0
50001,12,31.0,122.0,41.0
50001,14,31.0,122.0,40.0
50001,20,32.0,120.0,35.0
50001,38,33.0,121.0,37.0
50001,1,34.0,121.0,38.0
50001,4,34.0,122.0,41.0
50001,10,34.0,122.0,41.0
50001,13,34.0,122.0,41.0
50001,16,34.0,121.0,37.0
50001,1,35.0,120.0,36.0
50001,14,35.0,123.0,41.0
50001,20,35.0,122.0,38.0
50001,39,36.0,121.0,37.0
50001,40,36.0,121.0,37.0
50001,43,36.0,123.0,41.0
50001,44,37.0,122.0,41.0
50001,11,38.0,122.0,41.0
50001,12,38.0,122.0,41.0
50001,0,39.0,122.0,41.0
50001,12,40.0,122.0,41.0
50001,12,41.0,122.0,41.0
50001,12,42.0,123.0,41.0
50001,36,43.0,122.0,41.0
50001,38,43.0,123.0,41.0
50001,3,44.0,122.0,41.0
50001,14,44.0,121.0,37.0
50001,3,45.0,122.0,41.0
50001,13,45.0,122.0,41.0
50001,14,45.0,123.0,41.0
50001,15,45.0,122.0,41.0
50001,20,45.0,120.0,35.0
50001,1,46.0,121.0,39.0
50001,10,46.0,121.0,39.0
50001,13,46.0,122.0,41.0
50001,15,46.0,123.0,41.0
50001,19,46.0,120.0,35.0
50001,11,47.0,122.0,41.0
50001,37,48.0,122.0,41.0
50001,38,48.0,121.0,37.0
50001,39,48.0,121.0,37.0
50001,14,49.0,123.0,41.0
50001,13,50.0,122.0,41.0
50001,14,50.0,122.0,40.0
50001,15,50.0,121.0,36.0
50001,39,51.0,121.0,37.0
50001,40,51.0,123.0,41.0
50001,43,51.0,123.0,41.0
50001,38,52.0,123.0,41.0
50001,39,52.0,121.0,39.0
50001,42,52.0,122.0,41.0
50001,47,52.0,122.0,41.0
50001,0,53.0,122.0,41.0
50001,12,53.0,122.0,41.0
50001,14,53.0,122.0,38.0
50001,13,54.0,122.0,41.0
50001,19,54.0,120.0,35.0
50001,3,55.0,122.0,41.0
50001,10,55.0,122.0,41.0
50001,12,55.0,123.0,41.0
50001,25,56.0,120.0,36.0
50001,27,56.0,122.0,41.0
50001,35,57.0,122.0,41.0
50001,13,58.0,122.0,41.0
50001,15,59.0,122.0,40.0
50001,1,60.0,121.0,37.0
50001,2,61.0,121.0,38.0
50002,22,1.0,114.0,33.0
50002,23,2.0,114.0,33.0
50002,23,3.0,114.0,33.0
50002,35,4.0,114.0,33.0
50002,22,5.0,113.0,33.0
50002,23,5.0,113.0,33.0
50002,1,6.0,113.0,33.0
50002,8,6.0,113.0,33.0
50002,21,6.0,113.0,33.0
50002,23,6.0,113.0,33.0
50002,9,7.0,113.0,33.0
50002,34,8.0,113.0,33.0
50002,45,8.0,113.0,33.0
50002,47,9.0,113.0,33.0
50002,21,10.0,113.0,33.0
50002,9,11.0,113.0,33.0
50002,22,11.0,113.0,33.0
50002,23,11.0,113.0,33.0
50002,9,12.0,113.0,33.0
50002,12,12.0,114.0,33.0
50002,17,12.0,113.0,33.0
50002,21,12.0,114.0,33.0
50002,16,13.0,115.0,34.0
50002,46,14.0,113.0,33.0
50002,22,15.0,113.0,33.0
50002,23,16.0,113.0,33.0
50002,23,17.0,113.0,33.0
50002,20,18.0,113.0,33.0
50002,21,18.0,113.0,33.0
50002,10,19.0,113.0,33.0
50002,19,19.0,113.0,33.0
50002,44,20.0,113.0,33.0
50002,44,21.0,113.0,33.0
50002,9,22.0,113.0,33.0
50002,15,22.0,115.0,34.0
50002,23,23.0,113.0,33.0
50002,45,24.0,113.0,33.0
50002,20,25.0,113.0,33.0
50002,10,26.0,115.0,34.0
50002,15,26.0,115.0,34.0
50002,15,27.0,115.0,34.0
50002,40,28.0,115.0,34.0
50002,19,29.0,113.0,33.0
50002,10,30.0,113.0,33.0
50002,21,30.0,113.0,33.0
50002,10,31.0,114.0,34.0
50002,35,32.0,113.0,33.0
50002,36,32.0,113.0,33.0
50002,38,32.0,113.0,33.0
50002,39,32.0,113.0,33.0
50002,44,32.0,113.0,33.0
50002,16,33.0,115.0,34.0
50002,15,34.0,115.0,34.0
50002,9,35.0,113.0,33.0
50002,21,35.0,113.0,33.0
50002,22,36.0,113.0,33.0
50002,23,37.0,113.0,33.0
50002,8,38.0,113.0,33.0
50002,23,38.0,113.0,33.0
50002,45,39.0,113.0,33.0
50002,23,40.0,113.0,33.0
50002,23,41.0,113.0,33.0
50002,22,42.0,115.0,34.0
50002,2,43.0,113.0,33.0
50002,23,44.0,113.0,33.0
50002,42,45.0,113.0,33.0
50002,15,46.0,115.0,34.0
50002,22,47.0,113.0,33.0
50002,10,48.0,115.0,34.0
50002,16,48.0,115.0,34.0
50002,12,49.0,115.0,34.0
50002,20,50.0,114.0,33.0
50002,21,50.0,113.0,33.0
50002,22,50.0,113.0,33.0
50002,0,51.0,113.0,33.0
50002,9,51.0,113.0,33.0
50002,13,51.0,115.0,34.0
50002,20,51.0,115.0,34.0
50002,11,52.0,113.0,33.0
50002,21,52.0,115.0,34.0
50002,45,53.0,113.0,33.0
50002,17,54.0,113.0,33.0
50002,22,54.0,113.0,33.0
50002,0,55.0,113.0,33.0
50002,1,55.0,113.0,33.0
50002,9,55.0,113.0,33.0
50002,21,55.0,113.0,33.0
50002,22,55.0,113.0,33.0
50002,9,56.0,113.0,33.0
50002,21,56.0,113.0,33.0
50002,22,56.0,114.0,33.0
50002,23,56.0,114.0,33.0
50002,9,57.0,113.0,33.0
50002,15,58.0,115.0,34.0
50002,21,58.0,114.0,33.0
50002,28,59.0,114.0,33.0
50002,35,59.0,114.0,33.0
50002,0,60.0,114.0,33.0
50002,1,61.0,114.0,33.0
50002,22,61.0,114.0,33.0
50002,9,62.0,114.0,33.0
50002,15,62.0,115.0,34.0
50002,43,63.0,114.0,33.0
50002,39,64.0,114.0,33.0
50002,46,64.0,114.0,33.0
50002,20,65.0,114.0,33.0
50002,21,65.0,114.0,33.0
50002,22,65.0,114.0,33.0
50002,0,66.0,114.0,33.0
50002,2,66.0,114.0,33.0
50002,9,66.0,114.0,33.0
50002,10,66.0,114.0,33.0
50002,15,66.0,115.0,34.0
50002,17,66.0,115.0,34.0
50002,20,66.0,115.0,34.0
50002,21,66.0,113.0,33.0
50002,9,67.0,114.0,33.0
50002,22,67.0,114.0,33.0
50002,23,67.0,114.0,33.0
50002,0,68.0,114.0,33.0
50002,9,68.0,114.0,33.0
50002,20,68.0,114.0,33.0
50002,9,69.0,114.0,33.0
50003,10,1.0,36.0,18.0
50003,12,2.0,36.0,18.0
50003,12,3.0,36.0,18.0
50003,25,4.0,35.0,18.0
50003,17,5.0,35.0,18.0
50003,12,6.0,36.0,18.0
50003,17,6.0,35.0,18.0
50003,39,7.0,35.0,18.0
50003,3,8.0,36.0,18.0
50003,28,9.0,35.0,18.0
50003,6,10.0,36.0,18.0
50003,14,11.0,36.0,18.0
50003,17,12.0,36.0,18.0
50003,47,13.0,36.0,18.0
50003,17,14.0,36.0,18.0
50003,0,15.0,36.0,18.0
50003,0,16.0,35.0,19.0
50003,15,17.0,35.0,18.0
50003,5,18.0,35.0,18.0
50003,18,18.0,35.0,18.0
50003,30,19.0,35.0,18.0
50003,17,20.0,35.0,18.0
50003,7,21.0,35.0,18.0
50003,30,22.0,35.0,18.0
50003,7,23.0,35.0,18.0
50003,8,24.0,35.0,18.0
50003,32,25.0,35.0,18.0
50003,1,26.0,35.0,18.0
50003,13,27.0,35.0,18.0
50003,18,28.0,35.0,18.0
50003,13,29.0,35.0,18.0
50003,5,30.0,35.0,18.0
50003,21,31.0,35.0,18.0
50003,5,32.0,36.0,18.0
50003,15,33.0,35.0,18.0
50003,11,34.0,35.0,18.0
50003,17,35.0,35.0,18.0
50003,19,36.0,35.0,18.0
50003,1,37.0,35.0,18.0
50003,15,38.0,35.0,18.0
50003,17,38.0,35.0,18.0
50003,13,39.0,35.0,18.0
50003,14,39.0,35.0,18.0
50003,22,39.0,36.0,18.0
50003,2,40.0,35.0,18.0
50003,20,41.0,35.0,18.0
50003,44,42.0,35.0,18.0
50003,19,43.0,35.0,18.0
50003,18,44.0,35.0,18.0
50003,23,45.0,35.0,19.0
50003,16,46.0,35.0,18.0
50003,42,47.0,35.0,18.0
50003,21,48.0,36.0,18.0
50025,18,1.0,124.0,45.0
50025,11,2.0,124.0,45.0
50025,12,2.0,124.0,45.0
50025,15,2.0,124.0,45.0
50025,18,2.0,124.0,45.0
50025,19,2.0,125.0,45.0
50025,18,3.0,124.0,44.0
50025,13,4.0,124.0,44.0
50025,14,4.0,124.0,45.0
50025,19,4.0,124.0,45.0
50025,21,4.0,124.0,44.0
50025,18,5.0,124.0,45.0
50025,21,5.0,124.0,45.0
50025,26,6.0,124.0,44.0
50025,20,7.0,124.0,45.0
50025,13,8.0,124.0,45.0
50025,13,9.0,124.0,44.0
50025,14,9.0,124.0,45.0
50025,16,9.0,124.0,44.0
50025,21,9.0,124.0,45.0
50025,23,9.0,124.0,44.0
50025,15,10.0,124.0,45.0
50025,20,11.0,124.0,45.0
50025,23,11.0,124.0,44.0
50025,17,12.0,124.0,45.0
50025,18,12.0,124.0,44.0
50025,20,12.0,124.0,45.0
50025,23,12.0,124.0,44.0
50025,2,13.0,124.0,44.0
50025,20,13.0,124.0,45.0
50025,23,13.0,124.0,44.0
50025,0,14.0,124.0,44.0
50025,15,14.0,124.0,45.0
50025,21,14.0,124.0,45.0
50025,36,15.0,124.0,45.0
50025,0,16.0,124.0,44.0
50025,41,17.0,124.0,44.0
50025,42,17.0,124.0,44.0
50025,44,17.0,124.0,45.0
50025,46,17.0,124.0,45.0
50025,47,17.0,124.0,45.0
50025,38,18.0,124.0,44.0
50025,40,18.0,124.0,44.0
50025,3,19.0,124.0,44.0
50025,13,20.0,124.0,45.0
50025,19,20.0,125.0,45.0
50025,20,20.0,124.0,45.0
50025,21,20.0,124.0,44.0
50025,21,21.0,124.0,45.0
50025,20,22.0,124.0,45.0
50025,3,23.0,124.0,44.0
50025,11,23.0,124.0,45.0
50025,14,23.0,124.0,45.0
50025,20,23.0,124.0,45.0
50025,47,24.0,125.0,45.0
50025,0,25.0,125.0,45.0
50025,12,25.0,124.0,44.0
50025,11,26.0,124.0,45.0
50025,23,26.0,124.0,45.0
50025,24,27.0,124.0,44.0
50025,26,27.0,124.0,44.0
50025,0,28.0,124.0,44.0
50026,5,1.0,144.0,53.0
50026,37,2.0,144.0,53.0
50026,2,3.0,144.0,53.0
50026,26,4.0,144.0,53.0
50026,1,5.0,144.0,54.0
50026,24,6.0,144.0,53.0
50026,2,7.0,144.0,53.0
50026,2,8.0,144.0,53.0
50026,19,9.0,144.0,53.0
50026,8,10.0,144.0,53.0
50026,8,11.0,144.0,53.0
50026,8,12.0,144.0,53.0
50026,33,13.0,144.0,53.0
50026,40,13.0,144.0,53.0
50026,9,14.0,144.0,53.0
50026,4,15.0,144.0,53.0
50026,30,16.0,144.0,53.0
50026,9,17.0,144.0,53.0
50026,9,18.0,144.0,53.0
50026,10,19.0,144.0,53.0
50026,10,20.0,144.0,53.0
50026,34,21.0,144.0,53.0
50026,14,22.0,144.0,53.0
50026,14,23.0,144.0,53.0
50026,26,24.0,144.0,53.0
50026,7,25.0,144.0,53.0
50028,46,1.0,119.0,37.0
50028,22,2.0,119.0,37.0
50028,26,3.0,119.0,37.0
50028,13,4.0,119.0,37.0
50028,42,5.0,119.0,37.0
50028,18,6.0,119.0,37.0
50028,18,7.0,119.0,37.0
50028,25,8.0,119.0,37.0
50028,8,9.0,119.0,37.0
50028,9,10.0,119.0,37.0
50028,10,11.0,119.0,37.0
50028,35,12.0,119.0,37.0
50028,10,13.0,119.0,37.0
50028,10,14.0,119.0,37.0
50028,34,15.0,119.0,37.0
50028,10,16.0,119.0,37.0
50028,35,17.0,119.0,37.0
50028,12,18.0,119.0,37.0
50028,12,19.0,119.0,37.0
50028,12,20.0,119.0,37.0
50028,21,20.0,119.0,38.0
50028,36,21.0,119.0,37.0
50028,12,22.0,119.0,37.0
50028,12,23.0,119.0,37.0
50028,36,24.0,119.0,37.0
50028,13,25.0,119.0,37.0
50028,11,26.0,119.0,37.0
50028,13,27.0,119.0,37.0
50028,13,28.0,119.0,37.0
50028,37,29.0,119.0,37.0
50028,14,30.0,119.0,37.0
50028,14,31.0,119.0,37.0
50028,37,32.0,119.0,37.0
50028,13,33.0,119.0,37.0
50028,14,34.0,119.0,37.0
50028,14,35.0,119.0,37.0
50028,38,36.0,119.0,37.0
50028,21,37.0,119.0,38.0
50028,14,38.0,119.0,37.0
50028,19,38.0,119.0,37.0
50028,21,38.0,119.0,37.0
50028,39,39.0,119.0,37.0
50028,15,40.0,119.0,37.0
50028,23,41.0,119.0,37.0
50028,17,42.0,119.0,37.0
50028,21,42.0,119.0,37.0
50032,16,1.0,106.0,110.0
50032,38,2.0,104.0,112.0
50032,1,3.0,104.0,112.0
50032,20,3.0,104.0,112.0
50032,10,4.0,105.0,112.0
50032,1,5.0,104.0,112.0
50032,19,5.0,105.0,111.0
50032,17,6.0,105.0,112.0
50032,1,7.0,104.0,112.0
50032,30,8.0,104.0,112.0
50032,45,8.0,104.0,112.0
50032,21,9.0,104.0,112.0
50032,6,10.0,104.0,112.0
50032,11,11.0,104.0,112.0
50032,13,11.0,104.0,112.0
50032,13,12.0,104.0,112.0
50032,36,13.0,104.0,112.0
50032,42,13.0,104.0,112.0
50032,13,14.0,104.0,112.0
50032,14,15.0,104.0,112.0
50032,22,15.0,104.0,112.0
50032,13,16.0,104.0,112.0
50032,15,17.0,104.0,112.0
50032,18,18.0,105.0,112.0
50032,0,19.0,104.0,112.0
50032,47,20.0,114.0,129.0
50032,2,21.0,104.0,112.0
50032,2,22.0,104.0,112.0
50032,11,23.0,104.0,112.0
50032,18,23.0,105.0,112.0
50032,3,24.0,104.0,112.0
50032,27,25.0,104.0,112.0
50032,3,26.0,104.0,112.0
50032,22,27.0,104.0,112.0
50032,3,28.0,104.0,112.0
50032,27,29.0,104.0,112.0
50032,14,30.0,105.0,112.0
50032,15,31.0,105.0,112.0
50032,16,32.0,105.0,112.0
50032,36,33.0,104.0,112.0
50032,38,33.0,104.0,112.0
50032,40,34.0,104.0,112.0
50032,0,35.0,104.0,112.0
50032,17,35.0,105.0,112.0
50032,19,36.0,105.0,112.0
50032,44,37.0,104.0,112.0
50032,22,38.0,104.0,112.0
50032,43,39.0,104.0,112.0
50032,19,40.0,105.0,112.0
50032,1,41.0,104.0,112.0
50032,25,42.0,104.0,112.0
50032,2,43.0,104.0,112.0
50032,2,44.0,104.0,112.0
50032,18,44.0,105.0,112.0
50032,19,44.0,104.0,112.0
50032,21,44.0,104.0,112.0
50032,2,45.0,104.0,112.0
50032,2,46.0,104.0,112.0
50032,26,47.0,104.0,112.0
50032,2,48.0,104.0,112.0
50032,14,48.0,105.0,112.0
50032,2,49.0,104.0,112.0
50032,19,50.0,105.0,112.0
50032,0,51.0,104.0,112.0
50032,3,51.0,104.0,112.0
50032,27,52.0,104.0,112.0
50032,11,53.0,105.0,112.0
50032,3,54.0,104.0,112.0
50032,23,55.0,104.0,112.0
50032,3,56.0,104.0,112.0
50032,27,57.0,104.0,112.0
50032,3,58.0,104.0,112.0
50032,3,59.0,104.0,112.0
50032,3,60.0,104.0,112.0
50032,39,61.0,104.0,112.0
50032,27,62.0,104.0,112.0
50032,3,63.0,104.0,112.0
50032,4,64.0,104.0,112.0
50032,28,65.0,104.0,112.0
50032,28,66.0,104.0,112.0
50032,44,66.0,104.0,112.0
50032,4,67.0,104.0,112.0
50032,11,67.0,105.0,112.0
50032,4,68.0,104.0,112.0
50032,4,69.0,104.0,112.0
50032,28,70.0,104.0,112.0
50032,18,71.0,105.0,112.0
50032,4,72.0,104.0,112.0
50032,10,72.0,105.0,112.0
50032,4,73.0,104.0,112.0
50032,29,74.0,104.0,112.0
50032,37,74.0,104.0,112.0
50032,5,75.0,104.0,112.0
50032,19,76.0,105.0,112.0
50032,5,77.0,104.0,112.0
50032,10,77.0,105.0,112.0
50032,5,78.0,104.0,112.0
50032,16,78.0,105.0,112.0
50032,29,79.0,104.0,112.0
50032,5,80.0,104.0,112.0
50032,11,81.0,104.0,112.0
50032,17,81.0,104.0,112.0
50032,20,81.0,104.0,112.0
50032,5,82.0,104.0,112.0
50032,15,82.0,105.0,112.0
50032,19,82.0,105.0,112.0
50032,22,83.0,104.0,112.0
50032,30,84.0,104.0,112.0
50032,6,85.0,104.0,112.0
50032,22,85.0,104.0,112.0
50032,23,85.0,104.0,112.0
50032,0,86.0,104.0,112.0
50032,6,86.0,104.0,112.0
50032,14,87.0,104.0,112.0
50032,7,88.0,104.0,112.0
50032,7,89.0,104.0,112.0
50032,31,90.0,104.0,112.0
50032,7,91.0,104.0,112.0
50032,14,91.0,105.0,112.0
50032,15,91.0,105.0,112.0
50032,23,91.0,104.0,112.0
50032,0,92.0,104.0,112.0
50032,21,92.0,104.0,112.0
50032,10,93.0,105.0,112.0
50032,26,94.0,104.0,112.0
50032,44,95.0,105.0,114.0
50032,46,95.0,104.0,112.0
50032,2,96.0,104.0,112.0
50032,2,97.0,104.0,112.0
50032,22,97.0,104.0,112.0
50032,16,98.0,105.0,112.0
50032,2,99.0,104.0,112.0
50032,11,99.0,105.0,112.0
50032,26,100.0,104.0,112.0
50032,23,101.0,104.0,112.0
50032,2,102.0,104.0,112.0
50032,3,103.0,104.0,112.0
50032,17,103.0,105.0,112.0
50032,27,104.0,104.0,112.0
50032,3,105.0,104.0,112.0
50032,18,106.0,105.0,112.0
50032,3,107.0,104.0,112.0
50032,12,107.0,105.0,112.0
50032,3,108.0,104.0,112.0
50032,27,109.0,104.0,112.0
50032,45,109.0,104.0,112.0
50032,5,110.0,104.0,112.0
50032,18,111.0,105.0,112.0
50032,23,111.0,104.0,112.0
50032,1,112.0,104.0,112.0
50032,23,112.0,104.0,112.0
50032,10,113.0,105.0,112.0
50032,11,113.0,105.0,112.0
50032,25,114.0,104.0,112.0
50032,1,115.0,104.0,112.0
50032,14,115.0,105.0,112.0
50032,15,115.0,105.0,112.0
50032,1,116.0,104.0,112.0
50032,2,117.0,104.0,112.0
50032,27,118.0,104.0,112.0
50032,4,119.0,104.0,112.0
50032,14,119.0,105.0,112.0
50032,20,119.0,104.0,112.0
50032,4,120.0,104.0,112.0
50035,23,1.0,119.0,38.0
50035,24,2.0,118.0,37.0
50035,12,3.0,121.0,37.0
50035,45,4.0,119.0,38.0
50035,11,5.0,119.0,38.0
50035,12,5.0,118.0,37.0
50035,14,6.0,121.0,37.0
50035,11,7.0,118.0,37.0
50035,12,7.0,119.0,38.0
50035,15,8.0,121.0,37.0
50035,12,9.0,121.0,37.0
50035,43,10.0,121.0,37.0
50035,10,11.0,119.0,38.0
50035,12,11.0,119.0,38.0
50035,20,12.0,118.0,37.0
50035,22,13.0,118.0,37.0
50035,42,14.0,119.0,38.0
50035,11,15.0,118.0,37.0
50035,12,15.0,121.0,37.0
50035,23,15.0,119.0,38.0
50035,24,16.0,119.0,38.0
50035,15,17.0,121.0,37.0
50035,13,18.0,121.0,37.0
50035,16,19.0,119.0,38.0
50035,20,19.0,119.0,38.0
50035,23,20.0,119.0,38.0
50035,11,21.0,118.0,37.0
50035,34,22.0,118.0,37.0
50035,36,22.0,120.0,37.0
50035,37,22.0,118.0,37.0
50035,12,23.0,118.0,36.0
50035,14,23.0,121.0,37.0
50035,14,24.0,121.0,37.0
50035,13,25.0,118.0,37.0
50035,41,26.0,119.0,38.0
50035,14,27.0,123.0,35.0
50035,23,28.0,119.0,38.0
50035,11,29.0,121.0,37.0
50035,35,30.0,119.0,38.0
50035,38,30.0,121.0,37.0
50035,46,30.0,119.0,38.0
50035,11,31.0,118.0,37.0
50035,22,32.0,118.0,37.0
50035,0,33.0,119.0,38.0
50035,1,33.0,119.0,38.0
50035,18,33.0,121.0,37.0
50035,46,34.0,118.0,37.0
50035,14,35.0,119.0,38.0
50035,17,36.0,121.0,37.0
50035,15,37.0,119.0,38.0
50035,15,38.0,121.0,37.0
50035,18,38.0,121.0,37.0
50035,20,38.0,121.0,37.0
50035,12,39.0,119.0,38.0
50035,10,40.0,119.0,38.0
50035,0,41.0,119.0,38.0
50035,22,41.0,119.0,38.0
50035,43,42.0,119.0,38.0
50035,16,43.0,119.0,38.0
50035,21,43.0,118.0,37.0
50035,2,44.0,119.0,38.0
50035,17,45.0,121.0,37.0
50035,16,46.0,121.0,37.0
50035,12,47.0,119.0,37.0
50035,11,48.0,119.0,38.0
50035,19,48.0,121.0,37.0
50035,11,49.0,119.0,38.0
50035,22,49.0,119.0,38.0
50035,18,50.0,121.0,37.0
50035,19,50.0,121.0,37.0
50035,10,51.0,119.0,38.0
50035,19,52.0,121.0,37.0
50035,13,53.0,121.0,37.0
50035,13,54.0,121.0,37.0
50035,18,54.0,121.0,37.0
50035,35,55.0,119.0,38.0
50035,45,56.0,119.0,38.0
50035,15,57.0,119.0,38.0
50035,15,58.0,121.0,37.0
50035,16,58.0,121.0,37.0
50035,18,59.0,119.0,38.0
50035,15,60.0,121.0,37.0
50035,17,60.0,121.0,37.0
50035,0,61.0,119.0,38.0
50035,16,62.0,121.0,37.0
50035,20,62.0,121.0,37.0
50035,45,63.0,121.0,37.0
50035,47,63.0,119.0,38.0
50035,15,64.0,121.0,37.0
50035,19,64.0,121.0,37.0
50035,12,65.0,119.0,37.0
50035,20,65.0,121.0,37.0
50035,14,66.0,121.0,37.0
50035,18,66.0,121.0,37.0
50035,11,67.0,119.0,38.0
50035,18,67.0,121.0,37.0
50035,42,68.0,121.0,37.0
50035,15,69.0,121.0,37.0
50035,16,69.0,121.0,37.0
50035,15,70.0,121.0,37.0
50035,44,71.0,121.0,37.0
50035,21,72.0,118.0,37.0
50035,17,73.0,121.0,37.0
50035,41,74.0,121.0,37.0
50035,19,75.0,119.0,38.0
50035,12,76.0,119.0,38.0
50035,17,76.0,118.0,37.0
50035,17,77.0,121.0,37.0
50035,39,78.0,122.0,35.0
50036,12,1.0,33.0,16.0
50036,16,1.0,33.0,16.0
50036,17,1.0,33.0,16.0
50036,23,1.0,34.0,14.0
50036,12,2.0,33.0,16.0
50036,19,2.0,33.0,16.0
50036,22,2.0,34.0,14.0
50036,19,3.0,33.0,16.0
50036,11,4.0,33.0,16.0
50036,8,5.0,33.0,16.0
50036,17,5.0,33.0,16.0
50036,11,6.0,33.0,16.0
50036,12,6.0,33.0,16.0
50036,9,7.0,33.0,16.0
50036,0,8.0,34.0,14.0
50036,8,9.0,33.0,16.0
50036,35,10.0,34.0,14.0
50036,9,11.0,33.0,16.0
50036,17,11.0,33.0,16.0
50036,16,12.0,33.0,16.0
50036,8,13.0,33.0,16.0
50036,12,14.0,33.0,16.0
50036,9,15.0,33.0,16.0
50036,10,15.0,33.0,16.0
50036,8,16.0,33.0,16.0
50036,12,16.0,33.0,16.0
50036,15,16.0,33.0,16.0
50036,13,17.0,33.0,16.0
50036,9,18.0,33.0,16.0
50036,15,19.0,33.0,16.0
50036,22,20.0,34.0,14.0
50036,9,21.0,33.0,16.0
50036,15,21.0,33.0,16.0
50036,7,22.0,34.0,14.0
50036,14,22.0,33.0,16.0
50036,15,22.0,33.0,16.0
50036,16,22.0,33.0,16.0
50036,18,23.0,33.0,16.0
50036,11,24.0,33.0,16.0
50036,23,24.0,34.0,14.0
50036,12,25.0,33.0,16.0
50036,16,25.0,33.0,16.0
50036,9,26.0,33.0,16.0
50036,2,27.0,34.0,14.0
50036,8,28.0,33.0,16.0
50036,12,29.0,33.0,16.0
50036,9,30.0,34.0,14.0
50036,12,31.0,33.0,16.0
50036,13,31.0,34.0,14.0
50036,23,32.0,34.0,14.0
50036,7,33.0,34.0,14.0
50036,16,33.0,33.0,16.0
50036,8,34.0,33.0,16.0
50036,22,35.0,34.0,14.0
50036,9,36.0,33.0,16.0
50036,14,37.0,33.0,16.0
50036,15,37.0,33.0,16.0
50036,9,38.0,33.0,16.0
50036,9,39.0,33.0,16.0
50036,14,39.0,33.0,16.0
50036,20,39.0,34.0,14.0
50036,19,40.0,34.0,14.0
50036,20,40.0,34.0,14.0
50036,23,40.0,34.0,14.0
50036,10,41.0,33.0,16.0
50036,15,41.0,33.0,16.0
50036,16,41.0,33.0,16.0
50036,19,41.0,34.0,14.0
50036,16,42.0,33.0,16.0
50036,17,42.0,33.0,16.0
50036,44,43.0,34.0,14.0
50036,7,44.0,34.0,14.0
50036,8,45.0,33.0,16.0
50036,14,45.0,33.0,16.0
50036,21,45.0,34.0,14.0
50036,21,46.0,34.0,14.0
50036,26,47.0,34.0,14.0
50036,35,47.0,34.0,14.0
50036,38,47.0,35.0,14.0
50036,13,48.0,33.0,16.0
50036,17,48.0,33.0,16.0
50036,12,49.0,33.0,16.0
50036,13,49.0,33.0,16.0
50036,0,50.0,34.0,14.0
50036,8,51.0,33.0,16.0
50036,35,52.0,34.0,14.0
50036,12,53.0,33.0,16.0
50036,15,53.0,33.0,16.0
50036,8,54.0,33.0,16.0
50036,36,55.0,34.0,14.0
50036,37,55.0,34.0,14.0
50036,34,56.0,34.0,14.0
50036,36,56.0,34.0,14.0
50036,38,56.0,34.0,14.0
50036,10,57.0,33.0,16.0
50036,18,58.0,34.0,14.0
50036,22,58.0,34.0,14.0
50036,19,59.0,34.0,14.0
50036,21,59.0,34.0,14.0
50036,8,60.0,33.0,16.0
50036,37,61.0,34.0,14.0
50036,44,61.0,34.0,14.0
50036,47,62.0,34.0,14.0
50036,8,63.0,33.0,16.0
50036,18,63.0,34.0,14.0
50036,8,64.0,33.0,16.0
50036,10,64.0,33.0,16.0
50036,12,65.0,33.0,16.0
50036,1,66.0,34.0,14.0
50036,8,66.0,33.0,16.0
50036,11,66.0,33.0,16.0
50036,0,67.0,34.0,14.0
50036,9,67.0,33.0,16.0
50036,11,67.0,33.0,16.0
50036,19,67.0,34.0,14.0
50036,27,68.0,34.0,14.0
50036,35,68.0,34.0,14.0
50036,40,68.0,34.0,14.0
50036,17,69.0,33.0,16.0
50036,10,70.0,33.0,16.0
50036,15,70.0,33.0,16.0
50036,20,70.0,34.0,14.0
50036,12,71.0,33.0,16.0
50036,14,71.0,33.0,16.0
50036,8,72.0,33.0,16.0
50036,0,73.0,34.0,14.0
50040,16,1.0,40.0,17.0
50040,27,2.0,33.0,11.0
50040,15,3.0,40.0,17.0
50040,21,3.0,39.0,17.0
50040,22,3.0,39.0,17.0
50040,14,4.0,40.0,17.0
50040,17,5.0,40.0,17.0
50040,17,6.0,39.0,17.0
50040,21,6.0,39.0,17.0
50040,4,7.0,40.0,17.0
50040,34,8.0,40.0,17.0
50040,2,9.0,33.0,11.0
50040,17,10.0,39.0,17.0
50040,19,11.0,39.0,17.0
50040,20,12.0,39.0,17.0
50040,23,13.0,39.0,18.0
50040,27,14.0,40.0,17.0
50040,14,15.0,40.0,17.0
50040,23,15.0,41.0,18.0
50040,14,16.0,39.0,17.0
50040,15,16.0,39.0,17.0
50040,46,17.0,33.0,11.0
50040,21,18.0,33.0,17.0
50040,19,19.0,40.0,17.0
50040,13,20.0,40.0,17.0
50040,14,20.0,39.0,18.0
50040,20,20.0,40.0,17.0
50040,14,21.0,40.0,17.0
50040,21,21.0,40.0,17.0
50040,17,22.0,40.0,17.0
50040,18,22.0,40.0,17.0
50040,22,22.0,40.0,17.0
50040,3,23.0,40.0,17.0
50040,13,23.0,36.0,17.0
50040,14,23.0,36.0,17.0
50040,16,23.0,39.0,18.0
50040,17,23.0,40.0,17.0
50040,18,23.0,40.0,17.0
50040,16,24.0,40.0,17.0
50040,40,25.0,40.0,17.0
50040,26,26.0,40.0,17.0
50040,19,27.0,39.0,18.0
50040,20,27.0,40.0,17.0
50040,21,28.0,40.0,17.0
50040,14,29.0,40.0,17.0
50040,18,30.0,39.0,18.0
50040,19,30.0,40.0,17.0
50040,9,31.0,40.0,17.0
50040,20,31.0,39.0,18.0
50040,0,32.0,40.0,17.0
50040,9,32.0,38.0,18.0
50040,19,32.0,35.0,18.0
50040,39,33.0,33.0,19.0
50040,42,33.0,33.0,17.0
50040,36,34.0,33.0,11.0
50040,44,34.0,34.0,11.0
50040,10,35.0,33.0,19.0
50040,23,36.0,40.0,17.0
50040,16,37.0,33.0,14.0
50040,24,38.0,40.0,17.0
50040,23,39.0,33.0,13.0
50040,46,40.0,40.0,17.0
50040,2,41.0,40.0,17.0
50040,18,41.0,40.0,17.0
50040,21,41.0,39.0,18.0
50040,16,42.0,40.0,17.0
50040,19,43.0,40.0,17.0
50040,19,44.0,33.0,11.0
50040,24,45.0,32.0,12.0
50040,37,46.0,33.0,11.0
50040,16,47.0,40.0,17.0
50040,16,48.0,39.0,18.0
50040,14,49.0,40.0,17.0
50040,29,50.0,33.0,11.0
50040,47,51.0,33.0,11.0
50040,13,52.0,33.0,11.0
50040,16,52.0,33.0,11.0
50040,18,52.0,33.0,11.0
50040,20,52.0,33.0,11.0
50040,5,53.0,33.0,11.0
50040,15,54.0,40.0,17.0
50040,23,55.0,33.0,11.0
50040,20,56.0,33.0,11.0
50040,0,57.0,33.0,11.0
50040,40,58.0,40.0,17.0
50040,22,59.0,40.0,17.0
50040,3,60.0,41.0,19.0
50040,30,61.0,41.0,19.0
50040,5,62.0,41.0,19.0
50040,10,62.0,41.0,19.0
50040,15,63.0,40.0,17.0
50040,23,63.0,39.0,18.0
50040,5,64.0,40.0,17.0
50040,18,64.0,38.0,18.0
50040,23,64.0,40.0,17.0
50040,17,65.0,40.0,17.0
50040,19,65.0,41.0,17.0
50040,41,66.0,40.0,17.0
50040,0,67.0,39.0,18.0
50040,3,68.0,39.0,18.0
50040,23,69.0,41.0,18.0
50040,17,70.0,40.0,17.0
50040,2,71.0,40.0,17.0
50040,3,71.0,40.0,17.0
50040,4,71.0,40.0,17.0
50040,22,71.0,40.0,17.0
50040,23,71.0,40.0,17.0
50040,44,72.0,40.0,17.0
50040,16,73.0,40.0,17.0
50040,19,73.0,40.0,17.0
50040,23,73.0,40.0,17.0
50040,0,74.0,40.0,17.0
50040,2,74.0,40.0,17.0
50040,13,75.0,40.0,17.0
50040,15,75.0,41.0,17.0
50040,21,76.0,40.0,17.0
50040,7,77.0,40.0,17.0
50040,16,77.0,40.0,17.0
50040,2,78.0,40.0,17.0
50040,40,79.0,40.0,17.0
50040,21,80.0,40.0,17.0
50040,17,81.0,40.0,17.0
50047,17,1.0,37.0,15.0
50047,2,2.0,38.0,13.0
50047,12,3.0,37.0,15.0
50047,14,3.0,37.0,15.0
50047,17,3.0,37.0,15.0
50047,18,3.0,37.0,15.0
50047,19,3.0,37.0,15.0
50047,20,3.0,38.0,14.0
50047,29,4.0,38.0,13.0
50047,42,4.0,38.0,13.0
50047,43,4.0,38.0,13.0
50047,44,4.0,38.0,14.0
50047,46,4.0,38.0,14.0
50047,47,4.0,38.0,14.0
50047,24,5.0,38.0,14.0
50047,25,5.0,38.0,14.0
50047,14,6.0,37.0,15.0
50047,19,6.0,37.0,15.0
50047,20,6.0,37.0,15.0
50047,24,7.0,38.0,13.0
50047,28,7.0,38.0,13.0
50047,39,7.0,37.0,15.0
50047,3,8.0,38.0,13.0
50047,15,8.0,37.0,15.0
50047,0,9.0,38.0,13.0
50047,11,10.0,37.0,15.0
50047,11,11.0,37.0,15.0
50047,15,11.0,37.0,15.0
50047,16,11.0,37.0,15.0
50047,17,11.0,37.0,15.0
50047,19,11.0,37.0,15.0
50047,20,11.0,38.0,15.0
50047,21,11.0,38.0,14.0
50047,22,11.0,38.0,13.0
50047,27,12.0,38.0,13.0
50047,33,12.0,38.0,13.0
50047,35,12.0,38.0,13.0
50047,37,12.0,38.0,13.0
50047,40,12.0,37.0,15.0
50047,0,13.0,38.0,13.0
50047,10,13.0,38.0,15.0
50047,13,13.0,37.0,15.0
50047,11,14.0,37.0,15.0
50047,20,15.0,37.0,15.0
50047,21,15.0,38.0,14.0
50047,35,16.0,38.0,13.0
50047,45,16.0,37.0,15.0
50047,17,17.0,37.0,15.0
50047,11,18.0,37.0,15.0
50047,15,18.0,37.0,15.0
50047,16,18.0,37.0,15.0
50047,19,18.0,37.0,15.0
50047,20,18.0,38.0,14.0
50047,18,19.0,37.0,15.0
50047,19,19.0,37.0,15.0
50047,34,20.0,38.0,14.0
50047,39,20.0,,
50047,10,21.0,38.0,13.0
50047,15,21.0,37.0,15.0
50047,22,21.0,38.0,13.0
50047,42,22.0,38.0,14.0
50047,19,23.0,37.0,15.0
50047,23,24.0,38.0,13.0
50047,0,25.0,38.0,13.0
50047,23,26.0,38.0,13.0
50047,16,27.0,37.0,15.0
50047,23,27.0,38.0,13.0
50047,11,28.0,38.0,13.0
50047,21,28.0,38.0,13.0
50047,21,29.0,38.0,14.0
50047,23,29.0,39.0,15.0
50047,25,30.0,39.0,15.0
50047,38,30.0,38.0,15.0
50047,41,30.0,39.0,15.0
50047,21,31.0,38.0,13.0
50047,23,31.0,38.0,13.0
50047,24,32.0,38.0,13.0
50047,39,33.0,38.0,13.0
50047,19,34.0,38.0,13.0
50047,20,34.0,38.0,13.0
50047,21,34.0,38.0,13.0
50047,15,35.0,37.0,15.0
50047,40,36.0,37.0,15.0
50047,45,36.0,39.0,14.0
50047,31,37.0,38.0,15.0
50047,38,37.0,38.0,13.0
50047,19,38.0,37.0,15.0
50047,20,38.0,38.0,14.0
50047,21,38.0,38.0,13.0
50047,22,38.0,38.0,13.0
50047,18,39.0,37.0,15.0
50047,19,39.0,37.0,15.0
50047,12,40.0,37.0,14.0
50047,21,41.0,38.0,13.0
50047,23,42.0,38.0,13.0
50047,42,43.0,36.0,15.0
50047,46,43.0,38.0,13.0
50047,35,44.0,38.0,13.0
50047,15,45.0,38.0,13.0
50050,10,1.0,45.0,6.0
50050,11,1.0,45.0,6.0
50050,17,1.0,45.0,6.0
50050,22,1.0,45.0,6.0
50050,13,2.0,45.0,6.0
50050,14,2.0,45.0,6.0
50050,15,2.0,45.0,6.0
50050,16,2.0,45.0,6.0
50050,17,2.0,45.0,6.0
50050,18,2.0,45.0,6.0
50050,22,2.0,45.0,6.0
50050,14,3.0,45.0,6.0
50050,18,3.0,45.0,6.0
50050,13,4.0,45.0,6.0
50050,21,4.0,45.0,6.0
50050,22,4.0,45.0,6.0
50050,13,5.0,45.0,7.0
50050,18,5.0,45.0,7.0
50050,20,5.0,45.0,7.0
50050,21,5.0,45.0,7.0
50050,23,5.0,45.0,6.0
50050,0,6.0,45.0,6.0
50050,1,6.0,45.0,6.0
50050,6,6.0,45.0,6.0
50050,7,6.0,45.0,6.0
50050,13,6.0,45.0,6.0
50050,40,7.0,45.0,6.0
50050,44,7.0,45.0,6.0
50050,24,8.0,45.0,6.0
50050,15,9.0,44.0,7.0
50050,21,9.0,45.0,6.0
50050,18,10.0,45.0,7.0
50050,18,11.0,45.0,6.0
50050,42,12.0,45.0,6.0
50050,43,12.0,45.0,6.0
50050,21,13.0,45.0,7.0
50050,15,14.0,44.0,7.0
50050,17,14.0,45.0,6.0
50050,20,15.0,45.0,6.0
50050,21,15.0,45.0,6.0
50050,10,16.0,45.0,6.0
50050,16,16.0,44.0,7.0
50050,23,16.0,45.0,6.0
50050,16,17.0,45.0,6.0
50050,19,17.0,45.0,6.0
50050,23,17.0,45.0,6.0
50050,24,18.0,45.0,6.0
50050,37,18.0,45.0,6.0
50050,45,18.0,45.0,6.0
50050,46,18.0,45.0,6.0
50050,24,19.0,45.0,6.0
50050,12,20.0,45.0,6.0
50050,2,21.0,45.0,6.0
50050,9,21.0,45.0,6.0
50050,22,21.0,45.0,6.0
50050,1,22.0,45.0,6.0
50050,9,22.0,45.0,6.0
50050,18,23.0,45.0,6.0
50050,21,23.0,45.0,6.0
50050,16,24.0,45.0,7.0
50050,18,24.0,45.0,6.0
50050,19,24.0,45.0,6.0
50050,20,24.0,45.0,6.0
50050,21,24.0,45.0,6.0
50050,22,24.0,45.0,6.0
50050,37,25.0,45.0,6.0
50050,38,25.0,45.0,6.0
50050,22,26.0,45.0,6.0
50050,12,27.0,45.0,6.0
50050,18,28.0,45.0,6.0
50050,0,29.0,45.0,6.0
50050,15,30.0,44.0,7.0
50050,33,31.0,45.0,6.0
50050,14,32.0,45.0,6.0
50050,17,32.0,45.0,6.0
50050,12,33.0,45.0,6.0
50050,13,33.0,45.0,6.0
50050,16,33.0,44.0,7.0
50050,17,33.0,45.0,6.0
50050,19,33.0,45.0,6.0
50050,11,34.0,45.0,6.0
50050,13,34.0,45.0,6.0
50050,14,34.0,45.0,6.0
50050,15,34.0,45.0,6.0
50050,2,35.0,45.0,6.0
50050,16,35.0,44.0,7.0
50050,19,35.0,45.0,6.0
50050,22,35.0,45.0,6.0
50050,39,36.0,44.0,7.0
50050,44,37.0,45.0,6.0
50056,16,1.0,2.0,57.0
50056,18,1.0,2.0,57.0
50056,16,2.0,2.0,57.0
50056,18,2.0,2.0,57.0
50056,15,3.0,2.0,57.0
50056,14,4.0,2.0,57.0
50056,16,4.0,2.0,57.0
50056,13,5.0,13.0,61.0
50056,23,5.0,2.0,57.0
50056,25,6.0,2.0,57.0
50056,26,6.0,2.0,57.0
50056,17,7.0,2.0,57.0
50056,42,8.0,2.0,57.0
50056,20,9.0,2.0,57.0
50056,21,9.0,1.0,58.0
50056,10,10.0,2.0,57.0
50056,11,10.0,2.0,57.0
50056,14,10.0,2.0,57.0
50056,17,11.0,2.0,57.0
50056,12,12.0,2.0,57.0
50056,15,12.0,2.0,57.0
50056,12,13.0,2.0,57.0
50056,13,13.0,2.0,57.0
50056,16,13.0,2.0,57.0
50056,17,13.0,2.0,57.0
50056,21,13.0,2.0,57.0
50056,0,14.0,2.0,57.0
50056,4,14.0,2.0,57.0
50056,15,14.0,2.0,57.0
50056,19,14.0,2.0,57.0
50056,12,15.0,2.0,57.0
50056,14,15.0,2.0,57.0
50056,20,16.0,2.0,57.0
50056,21,16.0,2.0,57.0
50056,2,17.0,1.0,57.0
50056,10,18.0,2.0,57.0
50056,16,19.0,2.0,57.0
50056,25,20.0,2.0,57.0
50056,34,20.0,2.0,57.0
50056,11,21.0,2.0,57.0
50056,15,21.0,2.0,57.0
50056,17,22.0,2.0,57.0
50056,23,23.0,2.0,57.0
50056,18,24.0,2.0,57.0
50056,37,25.0,1.0,57.0
50056,44,25.0,1.0,57.0
50056,19,26.0,2.0,57.0
50056,9,27.0,2.0,57.0
50056,17,27.0,2.0,57.0
50056,21,28.0,1.0,57.0
50056,8,29.0,2.0,57.0
50056,11,29.0,2.0,57.0
50056,24,30.0,2.0,57.0
50056,17,31.0,1.0,57.0
50056,19,31.0,2.0,57.0
50056,13,32.0,,
50056,20,33.0,2.0,57.0
50056,15,34.0,2.0,57.0
50056,18,34.0,2.0,57.0
50056,19,34.0,1.0,57.0
50061,18,1.0,53.0,28.0
50061,10,2.0,53.0,28.0
50061,42,3.0,53.0,28.0
50061,3,4.0,53.0,28.0
50061,10,4.0,53.0,28.0
50061,18,4.0,53.0,28.0
50061,23,4.0,53.0,28.0
50061,18,5.0,53.0,28.0
50061,22,5.0,53.0,28.0
50061,11,6.0,53.0,28.0
50061,16,6.0,53.0,28.0
50061,18,6.0,53.0,28.0
50061,42,7.0,53.0,28.0
50061,25,8.0,53.0,28.0
50061,16,9.0,53.0,28.0
50061,17,9.0,53.0,28.0
50061,19,9.0,53.0,28.0
50061,16,10.0,53.0,28.0
50061,18,10.0,53.0,28.0
50061,23,10.0,53.0,28.0
50061,24,11.0,53.0,28.0
50061,36,12.0,53.0,28.0
50061,42,12.0,53.0,28.0
50061,0,13.0,53.0,28.0
50061,16,13.0,53.0,28.0
50061,23,14.0,53.0,28.0
50061,0,15.0,53.0,28.0
50061,2,15.0,53.0,28.0
50061,8,15.0,53.0,28.0
50061,2,16.0,53.0,28.0
50061,1,17.0,53.0,28.0
50061,25,18.0,53.0,28.0
50061,17,19.0,53.0,28.0
50061,0,20.0,53.0,28.0
50061,1,20.0,53.0,28.0
50061,15,21.0,53.0,28.0
50061,27,22.0,53.0,28.0
50061,43,23.0,53.0,28.0
50061,1,24.0,53.0,28.0
50061,1,25.0,53.0,28.0
50061,9,25.0,53.0,28.0
50061,16,25.0,53.0,28.0
50061,17,25.0,53.0,28.0
50061,1,26.0,53.0,28.0
50061,2,26.0,53.0,28.0
50061,9,27.0,53.0,28.0
50062,25,1.0,194.0,93.0
50062,39,1.0,194.0,93.0
50062,14,2.0,194.0,93.0
50062,23,2.0,194.0,93.0
50062,14,3.0,194.0,93.0
50062,22,3.0,194.0,93.0
50062,15,4.0,194.0,93.0
50062,20,4.0,194.0,93.0
50062,22,4.0,194.0,93.0
50062,22,5.0,194.0,93.0
50062,40,6.0,194.0,93.0
50062,42,6.0,194.0,93.0
50062,46,6.0,193.0,91.0
50062,45,7.0,194.0,93.0
50062,17,8.0,194.0,93.0
50062,22,8.0,194.0,93.0
50062,17,9.0,194.0,93.0
50062,21,9.0,194.0,93.0
50062,12,10.0,194.0,93.0
50062,21,10.0,194.0,93.0
50062,22,10.0,194.0,93.0
50062,23,10.0,194.0,93.0
50062,20,11.0,194.0,93.0
50062,36,12.0,194.0,93.0
50062,39,13.0,194.0,93.0
50062,3,14.0,194.0,93.0
50062,17,15.0,194.0,93.0
50062,22,16.0,194.0,93.0
50062,19,17.0,194.0,93.0
50062,20,17.0,194.0,93.0
50062,36,18.0,194.0,93.0
50062,42,18.0,194.0,93.0
50062,47,18.0,194.0,93.0
50062,1,19.0,194.0,93.0
50062,17,19.0,194.0,93.0
50062,20,19.0,194.0,93.0
50062,15,20.0,194.0,93.0
50062,18,20.0,194.0,93.0
50062,22,20.0,194.0,93.0
50062,1,21.0,194.0,93.0
50062,22,21.0,194.0,93.0
50062,16,22.0,194.0,93.0
50062,26,23.0,194.0,93.0
50062,40,24.0,194.0,93.0
50062,44,24.0,194.0,93.0
50062,2,25.0,194.0,93.0
50062,18,26.0,194.0,93.0
50062,20,26.0,194.0,93.0
50062,22,26.0,194.0,93.0
50062,3,27.0,194.0,93.0
50062,12,27.0,194.0,93.0
50062,15,27.0,194.0,93.0
50062,21,27.0,194.0,93.0
50062,13,28.0,194.0,93.0
50062,14,29.0,194.0,93.0
50062,21,29.0,194.0,93.0
50062,31,30.0,194.0,93.0
50062,37,30.0,194.0,93.0
50062,40,31.0,194.0,93.0
50062,14,32.0,194.0,93.0
50062,17,32.0,194.0,93.0
50062,20,32.0,194.0,93.0
50062,21,32.0,194.0,93.0
50062,21,33.0,194.0,93.0
50062,8,34.0,194.0,93.0
50062,14,34.0,194.0,93.0
50062,15,34.0,194.0,93.0
50062,18,34.0,194.0,93.0
50062,21,34.0,194.0,93.0
50062,22,35.0,194.0,93.0
50062,15,36.0,194.0,93.0
50062,17,36.0,194.0,93.0
50062,19,36.0,194.0,93.0
50062,21,36.0,194.0,93.0
50062,23,36.0,194.0,93.0
50062,37,37.0,194.0,93.0
50062,16,38.0,194.0,93.0
50062,14,39.0,194.0,93.0
50062,18,39.0,194.0,93.0
50062,13,40.0,194.0,93.0
50062,16,40.0,194.0,93.0
50062,17,41.0,194.0,93.0
50062,37,42.0,194.0,93.0
50062,41,42.0,194.0,93.0
50062,15,43.0,194.0,93.0
50062,19,43.0,194.0,93.0
50062,15,44.0,194.0,93.0
50062,19,44.0,194.0,93.0
50062,22,44.0,194.0,93.0
50062,15,45.0,194.0,93.0
50062,19,45.0,194.0,93.0
50062,21,46.0,194.0,93.0
50062,23,46.0,194.0,93.0
50062,42,47.0,194.0,93.0
50062,45,47.0,194.0,93.0
50062,15,48.0,194.0,93.0
50062,43,49.0,194.0,93.0
50062,41,50.0,194.0,93.0
50062,14,51.0,194.0,93.0
50062,18,52.0,194.0,93.0
50062,11,53.0,194.0,93.0
50062,21,54.0,194.0,93.0
50062,39,55.0,194.0,93.0
50062,19,56.0,194.0,93.0
50062,17,57.0,194.0,93.0
50062,18,57.0,194.0,93.0
50062,16,58.0,194.0,93.0
50062,6,59.0,194.0,93.0
50062,22,59.0,194.0,93.0
50062,14,60.0,194.0,93.0
50062,21,60.0,194.0,93.0
50062,46,61.0,194.0,93.0
50062,16,62.0,194.0,93.0
50062,1,63.0,194.0,93.0
50062,3,64.0,194.0,93.0
50062,15,64.0,194.0,93.0
50062,1,65.0,194.0,93.0
50062,13,65.0,194.0,93.0
50062,13,66.0,194.0,93.0
50062,3,67.0,194.0,93.0
50062,12,67.0,194.0,93.0
50062,14,68.0,194.0,93.0
50062,17,69.0,194.0,93.0
50062,19,69.0,194.0,93.0
50062,20,69.0,194.0,93.0
50062,22,70.0,194.0,93.0
50062,16,71.0,194.0,93.0
50062,18,71.0,194.0,93.0
50062,15,72.0,194.0,93.0
50062,20,72.0,194.0,93.0
50062,18,73.0,194.0,93.0
50062,0,74.0,194.0,93.0
50062,11,74.0,194.0,93.0
50062,12,74.0,194.0,93.0
50062,15,75.0,194.0,93.0
50062,17,75.0,194.0,93.0
50062,36,76.0,194.0,93.0
50062,41,77.0,194.0,93.0
50062,23,78.0,194.0,93.0
50062,16,79.0,194.0,93.0
50062,17,79.0,194.0,93.0
50062,9,80.0,194.0,93.0
50062,12,80.0,194.0,93.0
50062,15,80.0,194.0,93.0
50062,16,80.0,194.0,93.0
50062,45,81.0,194.0,93.0
50062,20,82.0,194.0,93.0
50062,18,83.0,194.0,93.0
50062,13,84.0,194.0,93.0
50062,37,85.0,194.0,93.0
50062,22,86.0,194.0,93.0
50062,13,87.0,194.0,93.0
50062,16,87.0,194.0,93.0
50062,22,87.0,194.0,93.0
50062,14,88.0,194.0,93.0
50062,13,89.0,194.0,93.0
50062,23,89.0,194.0,93.0
50062,18,90.0,194.0,93.0
50062,37,91.0,194.0,93.0
50062,42,91.0,194.0,93.0
50062,27,92.0,194.0,93.0
50062,18,93.0,194.0,93.0
50062,22,93.0,194.0,93.0
50062,13,94.0,194.0,93.0
50062,13,95.0,194.0,93.0
50062,18,95.0,194.0,93.0
50062,20,95.0,194.0,93.0
50062,16,96.0,194.0,93.0
50062,18,97.0,194.0,93.0
50062,45,98.0,194.0,93.0
50062,47,98.0,194.0,93.0
50062,42,99.0,194.0,93.0
50062,15,100.0,194.0,93.0
50062,20,100.0,194.0,93.0
50062,15,101.0,194.0,93.0
50062,23,101.0,194.0,93.0
50062,13,102.0,194.0,93.0
50062,15,102.0,194.0,93.0
50062,9,103.0,194.0,93.0
50062,10,103.0,194.0,93.0
50062,37,104.0,194.0,93.0
50062,38,104.0,194.0,93.0
50062,39,104.0,194.0,93.0
50062,16,105.0,194.0,93.0
50062,17,105.0,194.0,93.0
50062,18,105.0,194.0,92.0
50062,22,105.0,194.0,93.0
50062,16,106.0,194.0,93.0
50062,24,107.0,194.0,93.0
50062,32,107.0,194.0,93.0
50062,14,108.0,194.0,93.0
50062,20,109.0,194.0,93.0
50062,11,110.0,194.0,93.0
50062,17,110.0,194.0,93.0
50062,22,110.0,194.0,93.0
50062,36,111.0,194.0,93.0
50062,18,112.0,194.0,93.0
50062,1,113.0,194.0,93.0
50062,44,114.0,194.0,93.0
50062,8,115.0,194.0,93.0
50062,12,115.0,194.0,93.0
50062,15,115.0,194.0,93.0
50062,16,115.0,194.0,93.0
50062,19,115.0,194.0,93.0
50062,20,115.0,194.0,93.0
50062,16,116.0,194.0,93.0
50062,18,116.0,194.0,93.0
50062,19,116.0,194.0,93.0
50062,17,117.0,194.0,93.0
50062,16,118.0,194.0,93.0
50062,19,118.0,194.0,93.0
50062,39,119.0,194.0,93.0
50062,43,119.0,194.0,93.0
50062,16,120.0,194.0,93.0
50062,17,120.0,194.0,92.0
50062,22,120.0,194.0,93.0
50062,19,121.0,194.0,93.0
50062,15,122.0,194.0,93.0
50062,25,123.0,194.0,93.0
50062,12,124.0,194.0,93.0
50062,15,124.0,194.0,93.0
50062,2,125.0,194.0,93.0
50062,16,126.0,194.0,93.0
50062,3,127.0,194.0,93.0
50062,21,128.0,178.0,91.0
50062,28,129.0,178.0,91.0
50062,5,130.0,194.0,93.0
50062,12,130.0,194.0,93.0
50062,19,130.0,194.0,93.0
50062,16,131.0,194.0,93.0
50062,44,132.0,194.0,93.0
50062,11,133.0,194.0,93.0
50062,16,133.0,194.0,93.0
50062,18,133.0,194.0,93.0
50068,20,1.0,200.0,104.0
50068,11,2.0,197.0,101.0
50068,15,3.0,200.0,104.0
50068,4,4.0,200.0,104.0
50068,17,4.0,199.0,102.0
50068,26,5.0,199.0,102.0
50068,29,6.0,200.0,104.0
50068,3,7.0,200.0,104.0
50068,17,7.0,200.0,104.0
50068,14,8.0,200.0,104.0
50068,5,9.0,200.0,104.0
50068,18,10.0,200.0,104.0
50068,5,11.0,200.0,104.0
50068,11,11.0,200.0,104.0
50068,30,12.0,200.0,104.0
50068,6,13.0,200.0,104.0
50068,16,13.0,199.0,102.0
50068,22,13.0,199.0,102.0
50068,7,14.0,200.0,104.0
50068,8,14.0,200.0,104.0
50068,8,15.0,200.0,104.0
50068,12,15.0,200.0,104.0
50068,7,16.0,200.0,104.0
50068,12,16.0,200.0,104.0
50068,31,17.0,200.0,104.0
50068,7,18.0,200.0,104.0
50068,19,18.0,199.0,102.0
50068,7,19.0,200.0,104.0
50068,15,19.0,200.0,104.0
50068,8,20.0,200.0,104.0
50068,15,20.0,199.0,102.0
50068,13,21.0,200.0,104.0
50068,8,22.0,200.0,104.0
50068,16,22.0,199.0,102.0
50068,32,23.0,200.0,104.0
50068,8,24.0,200.0,104.0
50068,11,24.0,200.0,104.0
50068,8,25.0,200.0,104.0
50068,21,26.0,199.0,102.0
50068,32,27.0,200.0,104.0
50068,8,28.0,197.0,101.0
50068,16,29.0,197.0,101.0
50068,8,30.0,200.0,104.0
50068,16,30.0,200.0,104.0
50068,15,31.0,200.0,105.0
50068,20,31.0,199.0,103.0
50068,13,32.0,199.0,103.0
50068,38,33.0,199.0,103.0
50068,40,34.0,200.0,104.0
50068,17,35.0,200.0,104.0
50068,15,36.0,200.0,104.0
50068,4,37.0,200.0,104.0
50068,28,38.0,200.0,104.0
50068,28,39.0,200.0,104.0
50068,15,40.0,200.0,103.0
50068,4,41.0,200.0,104.0
50068,21,41.0,198.0,101.0
50068,17,42.0,198.0,101.0
50068,5,43.0,200.0,104.0
50068,29,44.0,200.0,104.0
50068,14,45.0,200.0,104.0
50068,46,46.0,199.0,102.0
50068,4,47.0,200.0,104.0
50068,19,47.0,198.0,102.0
50068,11,48.0,200.0,104.0
50068,9,49.0,200.0,104.0
50068,12,49.0,200.0,104.0
50068,22,49.0,199.0,102.0
50068,16,50.0,199.0,103.0
50068,22,50.0,199.0,102.0
50068,9,51.0,200.0,104.0
50068,36,52.0,200.0,103.0
50068,33,53.0,200.0,104.0
50068,3,54.0,200.0,104.0
50068,17,54.0,200.0,104.0
50068,21,54.0,200.0,104.0
50068,9,55.0,200.0,104.0
50068,2,56.0,200.0,104.0
50068,9,57.0,200.0,104.0
50068,16,58.0,199.0,102.0
50068,33,59.0,200.0,104.0
50068,9,60.0,200.0,104.0
50068,19,60.0,200.0,104.0
50068,1,61.0,199.0,102.0
50068,2,61.0,200.0,104.0
50068,12,61.0,200.0,104.0
50068,21,61.0,200.0,104.0
50068,9,62.0,200.0,104.0
50068,14,62.0,200.0,104.0
50068,14,63.0,199.0,102.0
50068,10,64.0,200.0,104.0
50068,14,64.0,200.0,104.0
50068,28,65.0,200.0,104.0
50068,3,66.0,200.0,104.0
50068,4,67.0,197.0,101.0
50068,18,67.0,199.0,102.0
50068,5,68.0,200.0,104.0
50068,19,68.0,198.0,102.0
50068,17,69.0,200.0,104.0
50068,29,70.0,200.0,104.0
50068,5,71.0,200.0,104.0
50068,20,71.0,200.0,104.0
50068,13,72.0,200.0,104.0
50068,15,72.0,200.0,104.0
50068,5,73.0,200.0,104.0
50068,16,73.0,200.0,103.0
50068,17,74.0,200.0,104.0
50068,5,75.0,200.0,104.0
50068,15,75.0,198.0,102.0
50068,38,76.0,199.0,102.0
50068,4,77.0,200.0,104.0
50068,13,78.0,200.0,101.0
50068,4,79.0,200.0,104.0
50068,12,79.0,200.0,104.0
50075,41,1.0,40.0,17.0
50075,14,2.0,40.0,17.0
50075,15,2.0,40.0,17.0
50075,16,3.0,40.0,17.0
50075,19,3.0,40.0,17.0
50075,23,3.0,40.0,17.0
50075,12,4.0,40.0,17.0
50075,17,4.0,40.0,17.0
50075,22,4.0,40.0,17.0
50075,16,5.0,40.0,17.0
50075,18,5.0,40.0,17.0
50075,40,6.0,40.0,17.0
50075,20,7.0,40.0,17.0
50075,16,8.0,40.0,17.0
50075,19,8.0,40.0,17.0
50075,18,9.0,40.0,17.0
50075,3,10.0,40.0,17.0
50075,16,10.0,40.0,17.0
50075,13,11.0,40.0,17.0
50075,14,11.0,40.0,17.0
50075,19,11.0,40.0,17.0
50075,16,12.0,40.0,17.0
50075,19,12.0,40.0,17.0
50075,22,12.0,40.0,17.0
50075,6,13.0,40.0,17.0
50075,18,13.0,40.0,17.0
50075,6,14.0,40.0,17.0
50075,22,15.0,40.0,18.0
50075,23,16.0,40.0,17.0
50075,13,17.0,40.0,17.0
50075,16,18.0,40.0,17.0
50075,17,18.0,40.0,17.0
50075,14,19.0,40.0,17.0
50075,20,19.0,40.0,17.0
50075,0,20.0,40.0,17.0
50075,17,20.0,40.0,17.0
50075,15,21.0,40.0,17.0
50075,13,22.0,40.0,17.0
50075,17,22.0,40.0,17.0
50075,18,22.0,40.0,17.0
50075,12,23.0,40.0,17.0
50075,14,23.0,40.0,17.0
50075,12,24.0,40.0,17.0
50075,15,24.0,40.0,17.0
50075,18,24.0,40.0,17.0
50075,19,24.0,40.0,17.0
50075,22,24.0,40.0,17.0
50075,13,25.0,40.0,17.0
50075,14,25.0,40.0,17.0
50075,15,25.0,40.0,17.0
50075,19,25.0,40.0,17.0
50075,20,25.0,40.0,17.0
50075,21,25.0,40.0,17.0
50082,13,1.0,136.0,33.0
50082,39,2.0,134.0,34.0
50082,46,3.0,134.0,33.0
50082,10,4.0,134.0,34.0
50082,11,4.0,134.0,34.0
50082,0,5.0,134.0,34.0
50082,0,6.0,134.0,34.0
50082,8,6.0,134.0,34.0
50082,20,6.0,134.0,34.0
50082,24,7.0,134.0,34.0
50082,37,7.0,134.0,34.0
50082,39,7.0,134.0,34.0
50082,8,8.0,134.0,34.0
50082,13,8.0,134.0,34.0
50082,15,8.0,134.0,33.0
50082,20,8.0,134.0,34.0
50082,23,8.0,134.0,34.0
50082,9,9.0,134.0,34.0
50082,21,9.0,134.0,34.0
50082,0,10.0,134.0,34.0
50082,1,10.0,134.0,34.0
50082,39,11.0,136.0,33.0
50082,13,12.0,136.0,33.0
50082,16,12.0,134.0,34.0
50082,10,13.0,134.0,33.0
50082,0,14.0,136.0,33.0
50082,45,15.0,136.0,33.0
50082,0,16.0,136.0,33.0
50082,9,16.0,134.0,33.0
50082,20,16.0,135.0,33.0
50082,9,17.0,136.0,33.0
50082,15,17.0,134.0,34.0
50082,9,18.0,134.0,34.0
50082,8,19.0,136.0,33.0
50082,15,20.0,134.0,34.0
50082,9,21.0,134.0,34.0
50082,35,22.0,134.0,34.0
50082,38,23.0,136.0,33.0
50082,11,24.0,134.0,34.0
50082,10,25.0,136.0,33.0
50082,22,25.0,136.0,33.0
50082,10,26.0,136.0,33.0
50082,45,27.0,134.0,34.0
50082,37,28.0,136.0,33.0
50082,14,29.0,134.0,34.0
50082,16,29.0,134.0,34.0
50082,21,29.0,134.0,34.0
50082,22,29.0,134.0,34.0
50082,14,30.0,134.0,35.0
50082,13,31.0,126.0,35.0
50082,14,31.0,126.0,35.0
50082,21,32.0,134.0,34.0
50082,9,33.0,134.0,34.0
50082,37,34.0,134.0,34.0
50082,38,34.0,134.0,34.0
50082,41,34.0,134.0,34.0
50082,46,34.0,134.0,34.0
50082,25,35.0,133.0,34.0
50082,44,35.0,134.0,34.0
50082,13,36.0,134.0,34.0
50082,21,37.0,134.0,34.0
50082,23,37.0,134.0,34.0
50082,10,38.0,134.0,34.0
50082,22,38.0,134.0,34.0
50082,36,39.0,134.0,34.0
50082,14,40.0,134.0,35.0
50082,0,41.0,136.0,33.0
50082,15,41.0,134.0,34.0
50082,9,42.0,136.0,33.0
50082,19,43.0,134.0,34.0
50082,39,44.0,134.0,34.0
50082,34,45.0,136.0,33.0
50082,10,46.0,134.0,34.0
50082,12,46.0,134.0,34.0
50082,22,46.0,134.0,35.0
50082,9,47.0,136.0,33.0
50082,15,47.0,134.0,34.0
50082,9,48.0,135.0,33.0
50082,15,48.0,134.0,34.0
50082,15,49.0,134.0,34.0
50082,35,50.0,136.0,33.0
50082,12,51.0,134.0,34.0
50082,33,52.0,134.0,34.0
50082,45,52.0,134.0,34.0
50082,47,52.0,134.0,34.0
50082,24,53.0,134.0,34.0
50082,41,53.0,134.0,34.0
50082,12,54.0,134.0,34.0
50082,20,54.0,134.0,34.0
50082,9,55.0,134.0,34.0
50082,14,55.0,134.0,34.0
50082,9,56.0,134.0,34.0
50082,22,56.0,134.0,34.0
50082,15,57.0,136.0,33.0
50082,39,58.0,136.0,33.0
50082,21,59.0,134.0,34.0
50082,8,60.0,134.0,34.0
50082,17,61.0,134.0,34.0
50082,35,62.0,134.0,34.0
50082,39,62.0,134.0,34.0
50082,24,63.0,134.0,34.0
50082,38,63.0,136.0,33.0
50082,15,64.0,134.0,34.0
50082,16,64.0,134.0,34.0
50082,22,64.0,134.0,34.0
50082,12,65.0,134.0,34.0
50082,14,66.0,134.0,34.0
50082,16,66.0,134.0,34.0
50082,11,67.0,134.0,34.0
50082,13,68.0,134.0,34.0
50082,14,69.0,136.0,33.0
50082,12,70.0,134.0,34.0
50082,19,70.0,135.0,36.0
50082,43,71.0,136.0,33.0
50082,20,72.0,134.0,34.0
50082,22,73.0,134.0,34.0
50082,9,74.0,134.0,34.0
50082,16,75.0,134.0,34.0
50082,40,76.0,135.0,33.0
50082,44,77.0,136.0,33.0
50082,11,78.0,134.0,34.0
50082,12,78.0,134.0,34.0
50082,10,79.0,134.0,34.0
50082,12,79.0,134.0,34.0
50082,14,79.0,134.0,34.0
50082,15,79.0,134.0,34.0
50082,17,79.0,134.0,34.0
50082,21,79.0,134.0,34.0
50082,1,80.0,134.0,34.0
50082,7,80.0,134.0,34.0
50082,11,80.0,134.0,34.0
50082,10,81.0,134.0,34.0
50082,13,81.0,134.0,34.0
50082,21,81.0,134.0,34.0
50082,16,82.0,134.0,34.0
50082,17,82.0,134.0,34.0
50082,18,82.0,134.0,34.0
50082,38,83.0,136.0,33.0
50082,21,84.0,134.0,34.0
50084,12,1.0,62.0,31.0
50084,22,2.0,62.0,31.0
50084,12,3.0,62.0,31.0
50084,0,4.0,62.0,31.0
50084,11,4.0,62.0,31.0
50084,12,4.0,62.0,31.0
50084,20,4.0,62.0,31.0
50084,35,5.0,62.0,31.0
50084,11,6.0,62.0,31.0
50084,16,6.0,62.0,31.0
50084,11,7.0,62.0,31.0
50084,12,7.0,62.0,31.0
50084,12,8.0,62.0,31.0
50084,15,8.0,62.0,31.0
50084,13,9.0,62.0,31.0
50084,24,10.0,62.0,31.0
50084,13,11.0,62.0,31.0
50084,11,12.0,62.0,31.0
50084,12,12.0,62.0,31.0
50084,13,13.0,62.0,31.0
50084,20,13.0,62.0,31.0
50084,12,14.0,62.0,31.0
50084,11,15.0,62.0,31.0
50084,12,15.0,62.0,31.0
50084,23,15.0,62.0,31.0
50084,35,16.0,62.0,31.0
50084,45,16.0,62.0,31.0
50084,14,17.0,62.0,31.0
50084,10,18.0,62.0,31.0
50084,12,18.0,62.0,31.0
50084,13,18.0,62.0,31.0
50084,23,18.0,62.0,31.0
50084,13,19.0,62.0,31.0
50084,18,20.0,62.0,31.0
50084,12,21.0,62.0,31.0
50084,13,21.0,62.0,31.0
50084,14,21.0,62.0,31.0
50084,16,21.0,62.0,31.0
50084,11,22.0,62.0,31.0
50084,15,22.0,62.0,31.0
50084,16,22.0,62.0,31.0
50084,20,22.0,62.0,31.0
50084,12,23.0,62.0,31.0
50084,15,23.0,62.0,31.0
50084,12,24.0,62.0,31.0
50084,11,25.0,62.0,31.0
50084,23,25.0,62.0,31.0
50084,14,26.0,62.0,31.0
50084,38,27.0,62.0,31.0
50084,41,27.0,62.0,31.0
50084,45,28.0,62.0,31.0
50084,12,29.0,62.0,31.0
50084,15,29.0,62.0,31.0
50084,12,30.0,62.0,31.0
50084,15,31.0,62.0,31.0
50084,16,31.0,62.0,31.0
50084,17,31.0,62.0,31.0
50084,10,32.0,62.0,31.0
50084,12,33.0,62.0,31.0
50084,35,34.0,62.0,31.0
50084,45,34.0,62.0,31.0
50084,12,35.0,62.0,31.0
50084,9,36.0,62.0,31.0
50084,9,37.0,62.0,31.0
50084,34,38.0,62.0,31.0
50084,36,39.0,62.0,31.0
50084,10,40.0,62.0,31.0
50084,12,40.0,62.0,31.0
50084,15,40.0,62.0,31.0
50084,17,40.0,62.0,31.0
50084,13,41.0,62.0,31.0
50084,20,41.0,62.0,31.0
50084,13,42.0,62.0,31.0
50084,13,43.0,62.0,31.0
50084,40,44.0,62.0,31.0
50084,33,45.0,62.0,31.0
50084,9,46.0,62.0,31.0
50084,15,47.0,62.0,31.0
50084,21,47.0,62.0,31.0
50084,9,48.0,62.0,31.0
50084,12,48.0,62.0,31.0
50084,13,48.0,62.0,31.0
50084,10,49.0,62.0,31.0
50084,13,49.0,62.0,31.0
50084,14,49.0,62.0,31.0
50084,34,50.0,62.0,31.0
50084,37,51.0,62.0,31.0
50084,10,52.0,62.0,31.0
50084,13,52.0,62.0,31.0
50084,18,52.0,62.0,31.0
50084,14,53.0,62.0,31.0
50084,10,54.0,62.0,31.0
50084,10,55.0,62.0,31.0
50084,36,56.0,62.0,31.0
50084,34,57.0,62.0,31.0
50084,40,57.0,62.0,31.0
50084,11,58.0,62.0,31.0
50084,13,58.0,62.0,31.0
50084,21,58.0,62.0,31.0
50084,10,59.0,62.0,31.0
50084,13,59.0,62.0,31.0
50084,13,60.0,62.0,31.0
50084,16,60.0,62.0,31.0
50084,11,61.0,62.0,31.0
50084,11,62.0,62.0,31.0
50084,13,62.0,62.0,31.0
50084,43,63.0,62.0,31.0
50084,12,64.0,62.0,31.0
50084,0,65.0,62.0,31.0
50084,12,65.0,62.0,31.0
50084,22,65.0,62.0,31.0
50084,0,66.0,62.0,31.0
50084,11,66.0,62.0,31.0
50084,12,66.0,62.0,31.0
50084,34,67.0,62.0,31.0
50084,35,67.0,62.0,31.0
50084,40,67.0,62.0,31.0
50084,41,67.0,62.0,31.0
50084,11,68.0,62.0,31.0
50084,13,68.0,62.0,31.0
50084,14,68.0,62.0,31.0
50084,17,68.0,62.0,31.0
50084,18,68.0,62.0,31.0
50084,19,68.0,62.0,31.0
50084,12,69.0,62.0,31.0
50084,4,70.0,62.0,31.0
50084,13,71.0,62.0,31.0
50084,8,72.0,62.0,31.0
50084,13,72.0,62.0,31.0
50084,12,73.0,62.0,31.0
50084,16,74.0,62.0,31.0
50084,12,75.0,62.0,31.0
50084,11,76.0,62.0,31.0
50084,13,76.0,62.0,31.0
50084,16,76.0,62.0,31.0
50084,38,77.0,62.0,31.0
50084,12,78.0,62.0,31.0
50084,14,78.0,62.0,31.0
50084,12,79.0,62.0,31.0
50084,13,79.0,62.0,31.0
50084,13,80.0,62.0,31.0
50084,14,80.0,62.0,31.0
50084,13,81.0,62.0,31.0
50084,43,82.0,62.0,31.0
50084,13,83.0,62.0,31.0
50084,20,83.0,62.0,31.0
50084,13,84.0,62.0,31.0
50084,19,84.0,62.0,31.0
50084,12,85.0,62.0,31.0
50084,12,86.0,62.0,31.0
50084,12,87.0,62.0,31.0
50084,13,87.0,62.0,31.0
50084,38,88.0,62.0,31.0
50084,37,89.0,62.0,31.0
50084,12,90.0,62.0,31.0
50084,18,90.0,62.0,31.0
50084,12,91.0,62.0,31.0
50084,20,91.0,62.0,31.0
50084,44,92.0,62.0,31.0
50084,20,93.0,62.0,31.0
50084,12,94.0,62.0,31.0
50084,12,95.0,62.0,31.0
50084,19,95.0,62.0,31.0
50084,20,95.0,62.0,31.0
50084,17,96.0,62.0,31.0
50084,20,96.0,62.0,31.0
50084,44,97.0,62.0,31.0
50084,13,98.0,62.0,31.0
50084,11,99.0,62.0,31.0
50084,20,100.0,62.0,31.0
50084,20,101.0,62.0,31.0
50084,14,102.0,62.0,31.0
50084,4,103.0,62.0,31.0
50084,10,103.0,62.0,31.0
50084,13,104.0,62.0,31.0
50084,5,105.0,62.0,31.0
50084,13,105.0,62.0,31.0
50084,7,106.0,62.0,31.0
50086,29,1.0,114.0,34.0
50086,40,1.0,114.0,34.0
50086,5,2.0,114.0,34.0
50086,23,2.0,114.0,35.0
50086,4,3.0,114.0,34.0
50086,15,3.0,114.0,34.0
50086,18,3.0,114.0,34.0
50086,17,4.0,115.0,34.0
50086,20,4.0,114.0,34.0
50086,28,5.0,114.0,34.0
50086,39,5.0,113.0,34.0
50086,43,5.0,114.0,34.0
50086,44,5.0,114.0,34.0
50086,47,5.0,114.0,34.0
50086,14,6.0,113.0,34.0
50086,2,7.0,114.0,34.0
50086,15,7.0,114.0,34.0
50086,19,7.0,114.0,34.0
50086,3,8.0,114.0,34.0
50086,13,8.0,114.0,34.0
50086,15,8.0,114.0,34.0
50086,15,9.0,114.0,34.0
50086,17,9.0,114.0,34.0
50086,21,9.0,113.0,34.0
50086,23,10.0,114.0,34.0
50086,1,11.0,113.0,34.0
50086,3,11.0,114.0,34.0
50086,23,11.0,114.0,34.0
50086,17,12.0,114.0,34.0
50086,45,13.0,114.0,34.0
50086,12,14.0,114.0,34.0
50086,18,14.0,114.0,34.0
50086,2,15.0,114.0,34.0
50086,19,16.0,114.0,34.0
50086,2,17.0,114.0,34.0
50086,0,18.0,114.0,34.0
50086,13,18.0,114.0,34.0
50086,37,19.0,114.0,34.0
50086,42,19.0,114.0,34.0
50086,43,19.0,114.0,34.0
50086,39,20.0,114.0,34.0
50086,2,21.0,114.0,34.0
50086,16,21.0,114.0,34.0
50086,23,21.0,115.0,34.0
50086,0,22.0,114.0,34.0
50086,13,22.0,114.0,34.0
50086,13,23.0,114.0,34.0
50086,17,23.0,114.0,34.0
50086,19,23.0,114.0,34.0
50086,15,24.0,114.0,34.0
50086,17,24.0,114.0,34.0
50086,18,25.0,114.0,34.0
50086,21,25.0,114.0,34.0
50086,14,26.0,114.0,34.0
50086,17,27.0,114.0,34.0
50086,17,28.0,114.0,34.0
50086,16,29.0,114.0,34.0
50086,18,30.0,114.0,34.0
50086,2,31.0,114.0,34.0
50086,1,32.0,115.0,34.0
50086,23,33.0,114.0,34.0
50086,22,34.0,114.0,34.0
50086,0,35.0,114.0,34.0
50086,22,35.0,114.0,34.0
50086,23,35.0,114.0,34.0
50086,1,36.0,113.0,35.0
50086,19,36.0,114.0,34.0
50086,23,37.0,114.0,34.0
50086,24,38.0,114.0,34.0
50086,2,39.0,113.0,34.0
50086,15,40.0,114.0,34.0
50086,19,40.0,114.0,34.0
50086,17,41.0,114.0,34.0
50086,0,42.0,114.0,34.0
50086,17,42.0,114.0,34.0
50086,23,43.0,114.0,34.0
50086,2,44.0,114.0,34.0
50086,3,45.0,114.0,34.0
50086,16,46.0,114.0,34.0
50086,23,47.0,113.0,34.0
50086,27,48.0,114.0,34.0
50086,3,49.0,114.0,34.0
50086,17,49.0,114.0,34.0
50086,18,49.0,114.0,34.0
50086,0,50.0,114.0,34.0
50086,17,51.0,114.0,34.0
50086,26,52.0,114.0,35.0
50086,24,53.0,114.0,34.0
50086,3,54.0,114.0,34.0
50086,17,54.0,114.0,34.0
50086,18,54.0,114.0,34.0
50086,22,54.0,114.0,34.0
50086,1,55.0,114.0,34.0
50086,4,55.0,114.0,34.0
50086,16,55.0,114.0,34.0
50086,17,56.0,113.0,34.0
50086,4,57.0,114.0,34.0
50086,17,57.0,114.0,34.0
50086,26,58.0,114.0,34.0
50086,43,58.0,114.0,34.0
50086,0,59.0,114.0,35.0
50086,16,59.0,114.0,34.0
50086,17,59.0,114.0,34.0
50086,18,59.0,114.0,34.0
50086,3,60.0,114.0,34.0
50086,18,60.0,114.0,34.0
50086,13,61.0,114.0,34.0
50086,17,61.0,114.0,34.0
50086,18,61.0,114.0,34.0
50086,19,61.0,114.0,34.0
50086,23,61.0,114.0,34.0
50086,19,62.0,114.0,34.0
50086,46,63.0,114.0,34.0
50086,26,64.0,114.0,34.0
50086,17,65.0,114.0,34.0
50086,18,65.0,114.0,34.0
50086,19,66.0,114.0,34.0
50086,23,66.0,114.0,34.0
50086,16,67.0,114.0,34.0
50086,18,67.0,115.0,35.0
50086,18,68.0,114.0,34.0
50086,19,68.0,114.0,34.0
50086,26,69.0,114.0,34.0
50086,45,69.0,114.0,34.0
50086,22,70.0,114.0,34.0
50086,16,71.0,115.0,34.0
50086,22,72.0,113.0,34.0
50086,26,73.0,114.0,34.0
50086,39,73.0,114.0,34.0
50086,16,74.0,114.0,34.0
50086,16,75.0,113.0,34.0
50086,18,76.0,114.0,34.0
50086,24,77.0,114.0,34.0
50086,3,78.0,114.0,35.0
50086,22,79.0,114.0,34.0
50086,26,80.0,115.0,34.0
50086,16,81.0,114.0,34.0
50086,1,82.0,114.0,34.0
50086,3,83.0,113.0,34.0
50086,26,84.0,114.0,34.0
50086,16,85.0,114.0,34.0
50086,2,86.0,115.0,35.0
50086,2,87.0,114.0,34.0
50086,16,87.0,114.0,34.0
50086,17,88.0,114.0,34.0
50086,42,89.0,114.0,34.0
50086,16,90.0,114.0,34.0
50086,19,91.0,114.0,34.0
50086,2,92.0,114.0,34.0
50086,16,93.0,114.0,34.0
50086,47,94.0,114.0,34.0
50086,18,95.0,114.0,34.0
50086,16,96.0,114.0,34.0
50086,22,96.0,114.0,34.0
50086,24,97.0,114.0,34.0
50086,26,97.0,113.0,34.0
50086,18,98.0,114.0,34.0
50086,19,98.0,114.0,35.0
50090,38,1.0,105.0,114.0
50090,3,2.0,102.0,111.0
50090,41,3.0,101.0,111.0
50090,14,4.0,103.0,111.0
50090,5,5.0,103.0,111.0
50090,21,6.0,103.0,111.0
50090,29,7.0,103.0,111.0
50090,4,8.0,103.0,111.0
50090,16,8.0,103.0,111.0
50090,17,9.0,103.0,111.0
50090,18,9.0,101.0,111.0
50090,14,10.0,103.0,111.0
50090,20,10.0,103.0,111.0
50090,20,11.0,103.0,111.0
50090,38,12.0,103.0,111.0
50090,16,13.0,103.0,111.0
50090,19,14.0,103.0,111.0
50090,39,15.0,103.0,111.0
50090,12,16.0,103.0,111.0
50090,20,17.0,103.0,111.0
50090,38,18.0,103.0,111.0
50090,42,19.0,103.0,111.0
50090,12,20.0,103.0,111.0
50090,6,21.0,103.0,111.0
50090,3,22.0,101.0,111.0
50090,45,23.0,103.0,117.0
50090,14,24.0,103.0,117.0
50090,14,25.0,103.0,117.0
50090,12,26.0,103.0,117.0
50090,13,27.0,103.0,117.0
50092,30,1.0,36.0,20.0
50092,38,1.0,36.0,20.0
50092,43,1.0,35.0,20.0
50092,44,1.0,36.0,20.0
50092,38,2.0,36.0,20.0
50092,9,3.0,35.0,27.0
50092,14,4.0,36.0,20.0
50092,15,4.0,36.0,20.0
50092,0,5.0,35.0,27.0
50092,20,5.0,35.0,27.0
50092,15,6.0,35.0,27.0
50092,17,6.0,36.0,20.0
50092,18,6.0,36.0,20.0
50092,19,6.0,36.0,20.0
50092,16,7.0,36.0,20.0
50092,35,8.0,36.0,20.0
50092,47,8.0,35.0,19.0
50092,24,9.0,35.0,19.0
50092,35,9.0,36.0,20.0
50092,11,10.0,36.0,20.0
50092,23,10.0,36.0,20.0
50092,11,11.0,36.0,20.0
50092,44,12.0,36.0,20.0
50092,20,13.0,36.0,20.0
50092,15,14.0,36.0,20.0
50092,16,14.0,36.0,20.0
50092,17,14.0,36.0,20.0
50092,12,15.0,36.0,20.0
50092,21,15.0,36.0,20.0
50092,16,16.0,36.0,20.0
50092,45,17.0,35.0,27.0
50092,46,18.0,35.0,27.0
50092,21,19.0,36.0,20.0
50092,15,20.0,36.0,20.0
50092,21,20.0,36.0,20.0
50092,15,21.0,36.0,20.0
50092,16,21.0,36.0,20.0
50092,17,22.0,36.0,20.0
50092,21,22.0,35.0,27.0
50092,45,23.0,36.0,20.0
50092,0,24.0,36.0,20.0
50092,15,24.0,36.0,20.0
50092,21,24.0,36.0,20.0
50092,0,25.0,36.0,20.0
50092,1,25.0,36.0,20.0
50092,23,25.0,36.0,20.0
50092,22,26.0,36.0,20.0
50092,23,26.0,36.0,20.0
50092,2,27.0,36.0,20.0
50092,23,27.0,35.0,27.0
50092,39,28.0,35.0,27.0
50092,10,29.0,36.0,20.0
50092,11,30.0,36.0,20.0
50092,10,31.0,36.0,20.0
50092,22,32.0,35.0,27.0
50092,6,33.0,36.0,20.0
50092,10,34.0,36.0,20.0
50092,34,35.0,35.0,27.0
50092,11,36.0,36.0,20.0
50092,11,37.0,36.0,20.0
50092,15,38.0,36.0,20.0
50092,20,38.0,36.0,20.0
50092,46,39.0,36.0,20.0
50092,28,40.0,35.0,27.0
50092,21,41.0,36.0,20.0
50092,23,41.0,36.0,20.0
50092,28,42.0,36.0,20.0
50092,4,43.0,36.0,20.0
50092,11,43.0,36.0,19.0
50092,12,43.0,36.0,20.0
50092,4,44.0,36.0,20.0
50092,23,45.0,36.0,20.0
50092,4,46.0,36.0,20.0
50092,30,47.0,35.0,27.0
50092,7,48.0,35.0,27.0
50092,10,49.0,35.0,27.0
50092,12,49.0,35.0,27.0
50092,35,50.0,35.0,27.0
50092,15,51.0,36.0,20.0
50092,4,52.0,36.0,20.0
50092,15,53.0,36.0,20.0
50092,21,53.0,36.0,20.0
50092,28,54.0,36.0,20.0
50092,4,55.0,36.0,20.0
50092,38,56.0,36.0,20.0
50092,16,57.0,36.0,20.0
50092,36,58.0,36.0,20.0
50092,23,59.0,36.0,20.0
50092,23,60.0,36.0,20.0
50092,47,61.0,36.0,20.0
50092,41,62.0,36.0,20.0
50092,23,63.0,36.0,20.0
50092,45,64.0,36.0,20.0
50092,23,65.0,36.0,20.0
50092,4,66.0,36.0,20.0
50092,31,67.0,35.0,27.0
50092,8,68.0,36.0,20.0
50092,23,68.0,36.0,20.0
50092,9,69.0,36.0,20.0
50092,10,70.0,36.0,20.0
50092,9,71.0,36.0,20.0
50092,33,72.0,36.0,20.0
50092,10,73.0,36.0,20.0
50092,10,74.0,36.0,20.0
50092,35,75.0,35.0,27.0
50092,22,76.0,36.0,20.0
50092,23,76.0,36.0,20.0
50092,0,77.0,36.0,20.0
50092,7,77.0,36.0,20.0
50092,33,78.0,36.0,20.0
50092,23,79.0,36.0,20.0
50092,10,80.0,36.0,20.0
50092,20,81.0,35.0,27.0
50092,45,82.0,36.0,20.0
50092,21,83.0,36.0,20.0
50092,20,84.0,36.0,20.0
50092,2,85.0,36.0,20.0
50092,3,86.0,36.0,20.0
50092,4,87.0,36.0,20.0
50092,30,88.0,36.0,20.0
50092,16,89.0,36.0,20.0
50092,38,90.0,36.0,20.0
50092,40,91.0,36.0,20.0
50092,16,92.0,36.0,20.0
50092,16,93.0,36.0,20.0
50092,40,94.0,36.0,20.0
50092,16,95.0,36.0,20.0
50092,21,95.0,36.0,20.0
50092,16,96.0,36.0,20.0
50092,17,97.0,36.0,20.0
50092,15,98.0,36.0,20.0
50092,15,99.0,36.0,20.0
50095,7,1.0,14.0,43.0
50095,31,2.0,14.0,43.0
50095,7,3.0,14.0,43.0
50095,16,3.0,14.0,42.0
50095,7,4.0,14.0,43.0
50095,1,5.0,14.0,43.0
50095,14,5.0,14.0,43.0
50095,22,5.0,14.0,43.0
50095,31,6.0,14.0,43.0
50095,7,7.0,14.0,43.0
50095,14,7.0,14.0,43.0
50095,19,7.0,14.0,43.0
50095,17,8.0,14.0,43.0
50095,21,8.0,14.0,42.0
50095,8,9.0,14.0,43.0
50095,12,9.0,14.0,43.0
50095,13,10.0,14.0,43.0
50095,20,11.0,14.0,43.0
50095,32,12.0,14.0,43.0
50095,8,13.0,14.0,43.0
50095,8,14.0,14.0,43.0
50095,14,14.0,15.0,43.0
50095,19,15.0,14.0,43.0
50095,21,15.0,14.0,43.0
50095,13,16.0,15.0,43.0
50095,16,16.0,15.0,43.0
50095,17,16.0,15.0,43.0
50095,17,17.0,14.0,43.0
50095,16,18.0,14.0,43.0
50095,21,18.0,14.0,43.0
50095,41,19.0,14.0,43.0
50095,45,19.0,15.0,43.0
50095,36,20.0,14.0,43.0
50095,17,21.0,14.0,43.0
50095,17,22.0,14.0,43.0
50095,20,23.0,14.0,43.0
50095,21,23.0,14.0,43.0
50095,22,23.0,15.0,43.0
50095,10,24.0,14.0,43.0
50095,12,24.0,15.0,43.0
50095,17,24.0,14.0,43.0
50095,19,24.0,14.0,43.0
50095,24,25.0,14.0,43.0
50095,35,26.0,14.0,43.0
50095,41,26.0,15.0,42.0
50095,1,27.0,14.0,43.0
50095,12,27.0,15.0,43.0
50095,18,27.0,14.0,43.0
50095,17,28.0,14.0,43.0
50095,18,28.0,14.0,43.0
50095,16,29.0,15.0,43.0
50095,15,30.0,14.0,43.0
50095,17,30.0,14.0,43.0
50095,41,31.0,14.0,43.0
50095,17,32.0,14.0,43.0
50095,21,32.0,14.0,43.0
50095,22,32.0,14.0,43.0
50095,16,33.0,14.0,43.0
50095,0,34.0,14.0,43.0
50095,18,35.0,15.0,43.0
50095,40,36.0,15.0,43.0
50095,43,36.0,14.0,43.0
50095,42,37.0,15.0,43.0
50095,18,38.0,14.0,43.0
50095,14,39.0,14.0,43.0
50095,18,40.0,14.0,43.0
50095,40,41.0,14.0,43.0
50095,42,41.0,14.0,43.0
50095,43,42.0,15.0,43.0
50095,47,43.0,14.0,43.0
50095,19,44.0,15.0,43.0
50095,13,45.0,15.0,43.0
50095,19,46.0,14.0,43.0
50095,11,47.0,14.0,43.0
50095,12,47.0,14.0,43.0
50095,19,48.0,14.0,43.0
50095,43,49.0,15.0,43.0
50095,19,50.0,14.0,43.0
50095,19,51.0,14.0,43.0
50095,44,52.0,14.0,43.0
50095,20,53.0,14.0,43.0
50095,20,54.0,14.0,43.0
50095,20,55.0,14.0,43.0
50095,20,56.0,14.0,43.0
50095,22,57.0,14.0,43.0
50095,14,58.0,15.0,48.0
50095,22,58.0,14.0,43.0
50095,46,59.0,14.0,43.0
50095,22,60.0,14.0,43.0
50095,17,61.0,15.0,43.0
50095,23,61.0,14.0,43.0
50095,23,62.0,14.0,43.0
50095,47,63.0,14.0,43.0
50095,13,64.0,14.0,43.0
50095,13,65.0,15.0,43.0
50095,0,66.0,14.0,43.0
50095,0,67.0,14.0,43.0
50095,41,68.0,15.0,43.0
50095,24,69.0,14.0,43.0
50095,16,70.0,15.0,43.0
50095,0,71.0,14.0,43.0
50095,13,71.0,14.0,43.0
50095,0,72.0,14.0,43.0
50095,24,73.0,14.0,43.0
50095,1,74.0,14.0,43.0
50095,16,74.0,14.0,43.0
50095,19,74.0,15.0,43.0
50095,1,75.0,14.0,43.0
50095,1,76.0,14.0,43.0
50095,14,76.0,15.0,43.0
50095,19,76.0,15.0,43.0
50095,46,77.0,14.0,43.0
50095,25,78.0,14.0,43.0
50095,15,79.0,14.0,43.0
50095,1,80.0,14.0,43.0
50095,11,80.0,14.0,43.0
50095,20,81.0,14.0,43.0
50095,1,82.0,14.0,43.0
50095,17,83.0,14.0,43.0
50095,26,84.0,14.0,43.0
50095,41,84.0,14.0,43.0
50095,2,85.0,14.0,43.0
50095,15,86.0,15.0,43.0
50095,18,86.0,15.0,43.0
50095,2,87.0,14.0,43.0
50095,2,88.0,14.0,43.0
50095,26,89.0,14.0,43.0
50095,2,90.0,14.0,43.0
50095,2,91.0,14.0,43.0
50095,18,92.0,15.0,43.0
50095,27,93.0,14.0,43.0
50095,35,93.0,14.0,43.0
50095,43,93.0,15.0,43.0
50095,3,94.0,14.0,43.0
50095,18,94.0,15.0,43.0
50095,3,95.0,14.0,43.0
50095,4,96.0,14.0,43.0
50095,13,96.0,15.0,43.0
50095,28,97.0,14.0,43.0
50095,15,98.0,15.0,43.0
50095,14,99.0,15.0,43.0
50095,17,99.0,14.0,43.0
50095,21,99.0,15.0,43.0
50095,19,100.0,15.0,43.0
50095,18,101.0,14.0,43.0
50095,13,102.0,14.0,43.0
50095,20,102.0,14.0,43.0
50095,44,103.0,14.0,43.0
50095,45,103.0,14.0,43.0
50095,20,104.0,14.0,43.0
50095,17,105.0,14.0,43.0
50095,19,106.0,14.0,43.0
50095,20,106.0,14.0,43.0
50095,10,107.0,14.0,43.0
50095,36,108.0,15.0,43.0
50095,44,108.0,15.0,43.0
50095,0,109.0,14.0,43.0
50095,21,109.0,15.0,43.0
50095,20,110.0,15.0,43.0
50095,20,111.0,15.0,43.0
50095,21,111.0,14.0,43.0
50095,22,112.0,14.0,43.0
50095,13,113.0,15.0,43.0
50095,21,113.0,15.0,42.0
50095,37,114.0,14.0,43.0
50095,45,115.0,14.0,43.0
50095,15,116.0,15.0,43.0
50095,21,116.0,15.0,43.0
50095,22,116.0,14.0,43.0
50095,21,117.0,15.0,42.0
50095,13,118.0,15.0,43.0
50095,40,119.0,15.0,43.0
50095,44,120.0,14.0,43.0
50095,17,121.0,15.0,43.0
50095,17,122.0,15.0,43.0
50095,21,122.0,15.0,43.0
50095,43,123.0,15.0,43.0
50095,19,124.0,15.0,43.0
50095,15,125.0,15.0,43.0
50095,19,125.0,15.0,43.0
50095,19,126.0,14.0,43.0
50095,43,127.0,15.0,42.0
50095,20,128.0,14.0,42.0
50095,19,129.0,15.0,43.0
50095,20,129.0,15.0,43.0
50095,44,130.0,15.0,43.0
50095,20,131.0,14.0,43.0
50095,20,132.0,14.0,43.0
50095,12,133.0,14.0,43.0
50095,13,133.0,14.0,43.0
50096,21,1.0,33.0,19.0
50096,14,2.0,33.0,19.0
50096,45,3.0,33.0,19.0
50096,24,4.0,33.0,19.0
50096,25,4.0,33.0,19.0
50096,3,5.0,33.0,19.0
50096,23,5.0,33.0,19.0
50096,28,6.0,33.0,19.0
50096,15,7.0,33.0,19.0
50096,1,8.0,33.0,19.0
50096,16,9.0,33.0,19.0
50096,1,10.0,33.0,19.0
50096,25,11.0,33.0,19.0
50096,4,12.0,33.0,19.0
50096,24,13.0,33.0,19.0
50096,12,14.0,33.0,19.0
50096,1,15.0,33.0,19.0
50096,40,16.0,33.0,19.0
50096,22,17.0,33.0,19.0
50096,23,18.0,33.0,19.0
50096,2,19.0,33.0,19.0
50096,0,20.0,33.0,19.0
50096,22,21.0,33.0,19.0
50096,23,21.0,33.0,19.0
50096,24,22.0,33.0,19.0
50096,17,23.0,33.0,19.0
50096,15,24.0,33.0,19.0
50096,23,24.0,33.0,19.0
50096,3,25.0,33.0,19.0
50096,17,26.0,33.0,19.0
50096,20,26.0,33.0,19.0
50098,13,1.0,38.0,16.0
50098,14,2.0,38.0,15.0
50098,14,3.0,38.0,15.0
50098,11,4.0,38.0,15.0
50098,15,5.0,38.0,15.0
50098,14,6.0,38.0,15.0
50098,12,7.0,38.0,15.0
50098,15,7.0,38.0,15.0
50098,37,8.0,38.0,15.0
50098,17,9.0,39.0,14.0
50098,12,10.0,38.0,15.0
50098,14,11.0,38.0,15.0
50098,16,11.0,38.0,15.0
50098,15,12.0,38.0,15.0
50098,13,13.0,38.0,15.0
50098,17,13.0,38.0,15.0
50098,13,14.0,37.0,16.0
50098,11,15.0,38.0,15.0
50098,13,15.0,37.0,15.0
50098,15,16.0,38.0,15.0
50098,17,17.0,38.0,15.0
50098,17,18.0,38.0,15.0
50098,16,19.0,38.0,15.0
50098,13,20.0,38.0,15.0
50098,17,20.0,39.0,16.0
50098,16,21.0,38.0,15.0
50098,15,22.0,38.0,15.0
50098,37,23.0,37.0,15.0
50098,15,24.0,38.0,15.0
50098,14,25.0,38.0,15.0
50098,16,25.0,38.0,15.0
50098,16,26.0,38.0,15.0
50098,17,27.0,38.0,15.0
50098,17,28.0,37.0,16.0
50108,13,1.0,34.0,14.0
50108,17,2.0,34.0,14.0
50108,23,2.0,34.0,14.0
50108,0,3.0,34.0,14.0
50108,21,4.0,34.0,14.0
50108,2,5.0,34.0,14.0
50108,16,6.0,34.0,14.0
50108,30,7.0,34.0,14.0
50108,18,8.0,34.0,14.0
50108,17,9.0,34.0,14.0
50108,23,10.0,34.0,14.0
50108,14,11.0,34.0,14.0
50108,15,11.0,34.0,14.0
50108,20,11.0,34.0,14.0
50108,13,12.0,34.0,14.0
50108,17,12.0,34.0,14.0
50108,42,13.0,35.0,14.0
50108,24,14.0,34.0,14.0
50108,25,14.0,34.0,14.0
50108,46,14.0,34.0,14.0
50108,47,14.0,34.0,14.0
50108,14,15.0,33.0,14.0
50108,15,15.0,34.0,14.0
50108,17,15.0,34.0,14.0
50108,18,15.0,34.0,14.0
50108,23,15.0,34.0,14.0
50108,15,16.0,34.0,14.0
50108,22,16.0,34.0,14.0
50108,23,16.0,34.0,14.0
50108,0,17.0,34.0,14.0
50108,1,17.0,34.0,14.0
50108,11,17.0,34.0,14.0
50108,13,17.0,34.0,14.0
50108,14,17.0,34.0,14.0
50108,0,18.0,34.0,14.0
50108,19,19.0,34.0,14.0
50108,27,20.0,34.0,14.0
50108,47,20.0,34.0,14.0
50108,38,21.0,34.0,14.0
50108,47,21.0,34.0,14.0
50108,12,22.0,34.0,14.0
50108,14,23.0,34.0,14.0
50108,17,23.0,34.0,14.0
50108,19,24.0,34.0,14.0
50108,16,25.0,34.0,14.0
50108,19,25.0,34.0,14.0
50108,23,25.0,34.0,14.0
50108,40,26.0,36.0,13.0
50108,47,26.0,34.0,14.0
50108,24,27.0,34.0,14.0
50108,21,28.0,34.0,14.0
50108,16,29.0,34.0,14.0
50108,13,30.0,34.0,14.0
50108,16,30.0,34.0,14.0
50108,12,31.0,34.0,14.0
50108,17,31.0,34.0,14.0
50108,22,31.0,34.0,14.0
50108,13,32.0,34.0,14.0
50108,22,32.0,34.0,14.0
50108,24,33.0,34.0,14.0
50108,25,33.0,34.0,14.0
50108,45,33.0,34.0,14.0
50108,1,34.0,34.0,14.0
50108,11,34.0,34.0,14.0
50108,14,34.0,34.0,14.0
50108,15,34.0,33.0,14.0
50108,16,34.0,34.0,14.0
50108,17,34.0,34.0,14.0
50108,18,34.0,34.0,14.0
50108,23,34.0,34.0,14.0
50108,15,35.0,34.0,14.0
50108,18,35.0,34.0,14.0
50108,19,35.0,34.0,14.0
50108,20,35.0,34.0,14.0
50108,21,35.0,34.0,14.0
50108,20,36.0,34.0,14.0
50108,22,36.0,34.0,14.0
50108,14,37.0,34.0,14.0
50108,20,37.0,34.0,14.0
50108,22,37.0,34.0,14.0
50108,14,38.0,34.0,14.0
50108,17,38.0,34.0,14.0
50108,18,38.0,34.0,14.0
50108,24,39.0,34.0,14.0
50108,27,39.0,34.0,14.0
50108,45,40.0,34.0,14.0
50108,22,41.0,34.0,14.0
50108,1,42.0,34.0,14.0
50108,14,42.0,34.0,14.0
50108,15,42.0,34.0,14.0
50108,17,42.0,34.0,14.0
50108,20,42.0,34.0,14.0
50108,22,42.0,34.0,14.0
50108,23,42.0,34.0,14.0
50108,1,43.0,34.0,14.0
50108,17,43.0,34.0,14.0
50108,14,44.0,34.0,14.0
50108,0,45.0,34.0,14.0
50108,13,45.0,34.0,14.0
50108,21,45.0,34.0,14.0
50108,24,46.0,34.0,14.0
50108,41,46.0,34.0,14.0
50108,46,46.0,34.0,14.0
50108,25,47.0,34.0,14.0
50108,39,47.0,34.0,14.0
50108,44,47.0,34.0,14.0
50108,2,48.0,34.0,14.0
50108,13,48.0,34.0,14.0
50108,22,48.0,34.0,14.0
50108,0,49.0,34.0,14.0
50108,13,49.0,34.0,14.0
50108,22,49.0,34.0,14.0
50108,11,50.0,34.0,14.0
50108,20,50.0,34.0,14.0
50108,18,51.0,33.0,14.0
50108,20,51.0,34.0,14.0
50108,0,52.0,34.0,14.0
50108,1,52.0,34.0,14.0
50108,11,52.0,34.0,14.0
50108,18,52.0,34.0,14.0
50108,22,52.0,34.0,14.0
50108,24,53.0,34.0,14.0
50108,25,53.0,34.0,14.0
50108,45,53.0,34.0,14.0
50108,43,54.0,35.0,14.0
50108,2,55.0,34.0,14.0
50108,3,55.0,34.0,14.0
50108,12,55.0,34.0,14.0
50108,20,55.0,34.0,14.0
50108,13,56.0,34.0,14.0
50108,14,56.0,34.0,14.0
50108,15,57.0,34.0,14.0
50108,19,57.0,34.0,14.0
50108,21,57.0,34.0,14.0
50108,1,58.0,34.0,14.0
50108,2,58.0,34.0,14.0
50108,21,58.0,34.0,14.0
50108,23,58.0,34.0,14.0
50108,24,59.0,34.0,14.0
50108,27,59.0,34.0,14.0
50108,35,59.0,34.0,14.0
50108,45,59.0,34.0,14.0
50108,1,60.0,34.0,14.0
50108,18,60.0,34.0,14.0
50108,1,61.0,34.0,14.0
50108,18,61.0,36.0,14.0
50108,19,61.0,34.0,14.0
50108,20,61.0,34.0,14.0
50108,22,61.0,34.0,14.0
50108,1,62.0,34.0,14.0
50108,23,62.0,34.0,14.0
50108,22,63.0,34.0,14.0
50108,23,63.0,34.0,14.0
50108,18,64.0,34.0,14.0
50108,19,64.0,34.0,14.0
50108,20,64.0,34.0,14.0
50108,21,64.0,34.0,14.0
50108,22,64.0,34.0,14.0
50108,23,64.0,34.0,14.0
50108,25,65.0,34.0,14.0
50108,26,65.0,34.0,14.0
50108,27,65.0,34.0,14.0
50108,28,65.0,34.0,14.0
50108,38,65.0,34.0,14.0
50108,39,65.0,34.0,14.0
50108,40,65.0,34.0,14.0
50108,41,65.0,34.0,14.0
50108,26,66.0,34.0,14.0
50108,30,66.0,34.0,14.0
50108,31,66.0,34.0,14.0
50108,42,66.0,34.0,14.0
50108,44,66.0,34.0,14.0
50108,47,66.0,34.0,14.0
50108,19,67.0,34.0,14.0
50108,20,67.0,34.0,14.0
50108,21,67.0,34.0,14.0
50108,22,67.0,34.0,14.0
50108,23,67.0,34.0,14.0
50108,0,68.0,34.0,14.0
50108,10,68.0,34.0,14.0
50108,11,68.0,34.0,14.0
50108,14,69.0,34.0,14.0
50108,22,69.0,34.0,14.0
50108,12,70.0,34.0,14.0
50108,16,70.0,34.0,14.0
50108,13,71.0,34.0,14.0
50108,20,71.0,34.0,14.0
50108,22,71.0,34.0,14.0
50108,23,71.0,34.0,14.0
50108,29,72.0,34.0,14.0
50108,38,72.0,34.0,14.0
50108,42,72.0,34.0,14.0
50108,43,72.0,34.0,14.0
50108,44,72.0,34.0,14.0
50108,40,73.0,34.0,14.0
50108,3,74.0,34.0,14.0
50108,18,74.0,34.0,14.0
50108,0,75.0,34.0,14.0
50108,21,75.0,34.0,14.0
50108,0,76.0,34.0,14.0
50108,18,76.0,34.0,14.0
50108,0,77.0,34.0,14.0
50108,39,78.0,34.0,14.0
50108,44,78.0,34.0,14.0
50108,46,78.0,35.0,14.0
50108,25,79.0,34.0,14.0
50108,12,80.0,34.0,14.0
50108,20,80.0,34.0,14.0
50108,17,81.0,34.0,14.0
50108,22,81.0,34.0,14.0
50108,14,82.0,34.0,14.0
50108,15,82.0,34.0,14.0
50108,17,82.0,34.0,14.0
50108,18,83.0,34.0,14.0
50108,23,84.0,34.0,14.0
50108,36,85.0,33.0,14.0
50108,45,85.0,34.0,14.0
50108,40,86.0,34.0,14.0
50108,42,86.0,34.0,14.0
50108,43,86.0,34.0,14.0
50108,44,86.0,34.0,14.0
50108,17,87.0,34.0,14.0
50108,16,88.0,34.0,14.0
50108,0,89.0,34.0,14.0
50108,22,89.0,34.0,14.0
50108,13,90.0,34.0,14.0
50108,22,90.0,34.0,14.0
50108,21,91.0,34.0,14.0
50108,25,92.0,34.0,14.0
50108,27,92.0,34.0,14.0
50108,41,92.0,34.0,14.0
50108,42,92.0,34.0,14.0
50108,24,93.0,34.0,14.0
50108,45,93.0,34.0,14.0
50108,14,94.0,34.0,14.0
50108,22,95.0,34.0,14.0
50108,21,96.0,34.0,14.0
50108,0,97.0,34.0,14.0
50108,23,97.0,34.0,14.0
50108,1,98.0,34.0,14.0
50108,2,98.0,34.0,14.0
50108,16,98.0,34.0,14.0
50108,40,99.0,34.0,14.0
50108,26,100.0,34.0,14.0
50108,31,100.0,34.0,14.0
50108,23,101.0,34.0,14.0
50108,16,102.0,34.0,14.0
50108,23,102.0,34.0,14.0
50108,22,103.0,34.0,14.0
50108,11,104.0,34.0,14.0
50108,13,104.0,34.0,14.0
50108,17,104.0,34.0,14.0
50108,19,104.0,34.0,14.0
50108,21,104.0,34.0,14.0
50108,20,105.0,34.0,14.0
50108,43,106.0,34.0,14.0
50108,40,107.0,34.0,14.0
50108,21,108.0,34.0,14.0
50108,23,109.0,34.0,14.0
50108,12,110.0,34.0,14.0
50108,13,110.0,34.0,14.0
50108,19,110.0,34.0,14.0
50108,21,110.0,34.0,14.0
50108,16,111.0,34.0,14.0
50108,17,111.0,34.0,14.0
50108,22,111.0,34.0,14.0
50108,1,112.0,34.0,14.0
50108,22,112.0,34.0,14.0
50108,38,113.0,34.0,14.0
50108,40,113.0,34.0,14.0
50108,42,113.0,34.0,14.0
50108,45,113.0,34.0,14.0
50108,47,113.0,34.0,14.0
50108,26,114.0,34.0,14.0
50108,40,114.0,34.0,14.0
50108,23,115.0,34.0,14.0
50108,16,116.0,34.0,14.0
50108,17,116.0,34.0,14.0
50108,20,117.0,34.0,14.0
50108,20,118.0,34.0,14.0
50108,22,118.0,34.0,14.0
50108,18,119.0,34.0,14.0
50108,19,119.0,34.0,14.0
50118,45,1.0,40.0,17.0
50118,16,2.0,40.0,17.0
50118,23,3.0,40.0,17.0
50118,5,4.0,40.0,17.0
50118,12,4.0,40.0,17.0
50118,5,5.0,40.0,17.0
50118,20,6.0,39.0,19.0
50118,19,7.0,36.0,18.0
50118,20,7.0,39.0,18.0
50118,19,8.0,40.0,17.0
50118,20,8.0,40.0,17.0
50118,1,9.0,40.0,17.0
50118,1,10.0,40.0,17.0
50118,20,10.0,40.0,18.0
50118,17,11.0,40.0,17.0
50118,15,12.0,40.0,18.0
50118,19,13.0,40.0,18.0
50118,15,14.0,40.0,17.0
50118,3,15.0,40.0,17.0
50118,12,16.0,38.0,18.0
50118,16,16.0,36.0,18.0
50118,3,17.0,40.0,17.0
50118,22,18.0,40.0,17.0
50118,19,19.0,41.0,18.0
50118,22,20.0,40.0,17.0
50118,23,21.0,40.0,17.0
50118,0,22.0,40.0,17.0
50118,1,23.0,40.0,17.0
50118,16,24.0,40.0,17.0
50118,23,24.0,40.0,17.0
50118,14,25.0,35.0,17.0
50118,13,26.0,35.0,18.0
50118,18,27.0,40.0,18.0
50118,14,28.0,35.0,18.0
50118,39,29.0,40.0,17.0
50118,31,30.0,40.0,17.0
50118,11,31.0,35.0,18.0
50118,18,32.0,40.0,17.0
50118,12,33.0,35.0,18.0
50118,45,34.0,39.0,18.0
50118,22,35.0,40.0,17.0
50118,4,36.0,40.0,17.0
50118,18,36.0,40.0,18.0
50118,28,37.0,40.0,17.0
50118,2,38.0,40.0,17.0
50118,8,38.0,40.0,17.0
50118,17,39.0,35.0,18.0
50118,41,40.0,40.0,17.0
50118,0,41.0,40.0,17.0
50118,19,41.0,40.0,18.0
50118,0,42.0,40.0,17.0
50118,25,43.0,40.0,17.0
50118,29,44.0,40.0,17.0
50118,21,45.0,40.0,17.0
50118,3,46.0,40.0,17.0
50118,19,47.0,40.0,18.0
50118,3,48.0,40.0,17.0
50118,28,49.0,40.0,17.0
50118,8,50.0,40.0,17.0
50118,16,50.0,40.0,17.0
50118,14,51.0,40.0,17.0
50118,41,52.0,35.0,18.0
50118,18,53.0,35.0,18.0
50118,19,54.0,40.0,18.0
50118,4,55.0,40.0,17.0
50118,4,56.0,40.0,17.0
50118,28,57.0,40.0,17.0
50118,40,58.0,40.0,17.0
50118,27,59.0,40.0,17.0
50118,40,60.0,35.0,18.0
50118,26,61.0,40.0,17.0
50118,18,62.0,40.0,18.0
50118,19,62.0,40.0,18.0
50118,6,63.0,40.0,17.0
50118,19,63.0,40.0,18.0
50118,30,64.0,40.0,17.0
50118,44,65.0,40.0,17.0
50118,7,66.0,40.0,17.0
50118,20,66.0,40.0,17.0
50118,22,67.0,40.0,17.0
50118,7,68.0,40.0,17.0
50118,13,69.0,35.0,18.0
50118,23,70.0,40.0,17.0
50118,14,71.0,35.0,18.0
50118,18,71.0,38.0,18.0
50129,14,1.0,42.0,19.0
50129,1,2.0,42.0,19.0
50129,13,3.0,42.0,19.0
50129,20,3.0,33.0,18.0
50129,28,4.0,42.0,19.0
50129,47,4.0,33.0,18.0
50129,12,5.0,42.0,19.0
50129,2,6.0,42.0,19.0
50129,13,6.0,42.0,19.0
50129,17,7.0,34.0,18.0
50129,39,8.0,39.0,19.0
50129,37,9.0,42.0,19.0
50129,23,10.0,33.0,18.0
50129,25,11.0,42.0,19.0
50129,14,12.0,42.0,19.0
50129,24,13.0,34.0,18.0
50129,12,14.0,42.0,19.0
50129,15,15.0,42.0,19.0
50129,13,16.0,42.0,19.0
50129,37,17.0,42.0,19.0
50129,38,17.0,42.0,19.0
50129,37,18.0,42.0,19.0
50129,14,19.0,42.0,19.0
50129,22,20.0,42.0,19.0
50129,15,21.0,42.0,19.0
50129,25,22.0,42.0,19.0
50129,40,22.0,42.0,19.0
50129,14,23.0,42.0,19.0
50129,2,24.0,42.0,19.0
50129,17,25.0,41.0,19.0
50129,17,26.0,34.0,18.0
50129,13,27.0,34.0,18.0
50129,13,28.0,42.0,19.0
50129,2,29.0,41.0,19.0
50129,14,29.0,42.0,19.0
50129,16,30.0,40.0,19.0
50129,27,31.0,42.0,19.0
50129,4,32.0,42.0,19.0
50129,30,33.0,42.0,18.0
50129,12,34.0,42.0,18.0
